,temperature,humidity,person,ac_on,ac_off
0,24.976851624413115,61.087371059280024,1,0,1
1,28.491321352474486,50.72691842406695,1,2,0
2,22.958243715316822,55.5970516321978,0,2,0
3,26.39676331897735,49.1446379155066,0,2,0
4,24.081463874895064,51.332752941686614,0,2,0
5,25.423667405985384,60.01977691767884,1,1,0
6,21.317568123232807,50.20260187457127,1,0,0
7,22.515180692904842,56.77211519251473,1,0,1
8,26.88515290224744,55.37722194837658,1,1,1
9,26.254970264736016,46.12719932071073,0,1,0
10,24.02657585551424,55.13056517315106,1,0,1
11,26.119059177651522,51.29968674821498,1,0,1
12,25.420776009648087,48.93497449715199,0,2,0
13,24.471846391668173,48.78349008290314,1,2,1
14,23.658071554319775,61.86860674418833,1,0,1
15,24.493274058001763,47.9247421696205,0,2,0
16,25.639583836695312,54.55906402190463,1,2,0
17,21.293627642307943,51.13561110961782,0,2,0
18,22.90563773471242,48.90653776602017,1,0,1
19,25.182585182668536,50.012017961763185,1,2,1
20,26.35768486465567,62.20809761941268,1,0,1
21,25.44426242922471,50.441582447097566,1,2,0
22,30.236817547005874,48.39172240491246,0,2,0
23,23.810551977133652,54.61026394380811,0,2,1
24,25.6502813731354,49.5325070076697,1,2,0
25,23.99186657008039,55.9116971703753,1,0,0
26,22.16237936738921,54.36486140543278,1,2,0
27,27.13260372111397,40.47116370978141,1,2,1
28,19.34716070565454,43.31140152279852,0,1,1
29,25.911244265261363,53.7170298140093,1,2,0
30,25.804538810690673,54.85204365155761,1,2,0
31,25.807201665638416,49.50318565692068,1,2,0
32,24.16442116329297,46.70156077588649,1,2,0
33,21.133052906842224,60.70853168041041,0,2,0
34,22.055200640212746,55.71812360098425,0,2,0
35,30.216190456575763,55.73155692971815,1,0,1
36,28.136460335591146,54.8654561155829,1,2,0
37,24.0695446102425,48.89236278970606,0,2,0
38,26.64022672185725,49.5818182550004,0,2,0
39,28.961998712428354,52.28878705668964,1,0,1
40,25.419645509331694,47.33333559114886,1,2,0
41,26.362831626211193,53.36926696574778,1,2,0
42,25.8452875079079,57.839612938385045,0,2,0
43,20.613649164710978,51.79520041874684,1,2,0
44,24.15397758128908,43.80225719489089,0,2,0
45,26.2375552145844,56.10907897805337,1,0,0
46,24.596070484463723,48.45163597632488,1,2,1
47,27.94403938851609,50.628066995236864,0,2,0
48,25.511250838382367,50.97723609226286,1,2,0
49,28.271863514752784,54.027552416934185,1,1,0
50,23.66991877069606,51.34333570041203,1,2,0
51,28.496714837364273,56.182045571148734,1,0,1
52,25.16275210472149,47.21545480537806,1,0,1
53,26.72362365479291,51.366236508406594,1,2,0
54,25.210241512613575,51.35162267836481,1,2,0
55,22.46708553540091,53.3892065150871,1,1,1
56,28.292621523461758,46.71804434615527,1,1,1
57,26.47527290274498,54.51458540143417,1,2,1
58,24.20547521541699,46.44728332611294,1,2,0
59,23.4545620156835,46.954243737875935,0,2,0
60,26.615247826968268,47.54622230609917,1,0,1
61,26.172012214687843,56.198991288360574,1,1,1
62,26.499525294531956,60.168126659145884,0,2,1
63,21.77701782761439,52.244457288318934,1,2,0
64,26.217029692346244,52.25922958730002,1,1,1
65,26.642379779193945,54.30540335020183,1,1,0
66,22.769538691504664,60.13703393655592,1,0,0
67,22.045314527559096,48.77662463179103,1,1,0
68,20.95226810377776,44.776622565152074,0,2,0
69,24.885128875495706,58.802473353843425,1,0,1
70,21.179748370952826,56.13476777921636,0,2,0
71,25.824254043314948,46.06231944793289,1,2,0
72,23.940190868677174,49.452954951152314,1,2,0
73,23.193674114290634,52.911090501904795,1,2,0
74,24.11157027257156,53.9139878259046,1,2,0
75,27.270212195802678,52.928273768400416,0,2,0
76,25.93884457045068,51.692814686643544,1,1,1
77,24.708341302618372,50.206927048623974,1,1,1
78,26.261279784008668,52.264998389110005,1,1,1
79,21.73514004250581,58.208677853979104,1,0,1
80,27.117282265533156,40.54340536347371,1,1,0
81,21.79665026896844,47.93045992693544,1,2,0
82,26.281008004524217,52.499893004206044,0,2,1
83,25.489691320775464,59.72891508661872,0,2,0
84,24.955438927762657,48.39830971431833,0,2,1
85,22.320407393836327,51.15732632989683,1,2,0
86,25.27458087436137,46.75147329717291,1,1,0
87,20.8865237648927,48.19050877240835,1,2,0
88,23.415877029620248,58.30742331434351,0,2,0
89,26.978112643512056,54.706892522919595,0,2,0
90,23.426991541126544,60.130697667461256,1,0,1
91,23.784218613800718,43.73027818476689,1,2,0
92,29.358826991639795,47.76742230446362,0,2,0
93,21.316861550752876,58.451306962113804,0,2,0
94,20.977702636521098,66.19489479659273,1,1,1
95,23.92592270797181,53.51638514803416,1,1,1
96,22.17772254188011,50.643408015153184,0,2,0
97,24.152360182000244,49.50252402786928,0,2,0
98,26.26112113792731,53.44435859940858,0,2,0
99,22.572158592278235,46.954831910581035,0,2,0
100,22.095781588726513,50.77086087231412,1,2,0
101,24.99120964031373,44.3172924850509,0,2,0
102,23.884863694157836,63.29974024524863,1,2,1
103,21.54853422640273,50.10151796463332,0,2,0
104,23.03815885034868,49.93292187071538,1,2,1
105,26.605057569425686,52.11200564190965,0,2,0
106,24.621479259468867,54.37360518565752,1,2,0
107,26.3356242314094,48.117339983135366,1,2,1
108,23.26966512896182,51.80498925579479,1,2,0
109,25.85250012199909,51.15938355761787,0,2,1
110,28.139290047589853,53.89096548950704,0,2,0
111,28.407483049737955,48.70848016698442,0,2,0
112,26.995493424469167,53.25081809959015,1,2,0
113,23.796025456130874,49.72415451500198,1,2,1
114,23.89290063095416,40.43951014817576,0,0,1
115,23.344297622968696,51.99462146645347,1,2,0
116,23.60213128797038,42.805933542281004,0,2,0
117,24.879630509231305,50.49377974164972,0,2,0
118,27.58123311098722,42.60992823176625,1,2,0
119,24.19274996523511,58.2774047277863,1,2,0
120,27.890558603941702,51.133285023958344,0,2,0
121,27.42391896138402,52.714817498134906,1,1,0
122,22.864915079955594,55.41902049970054,1,0,1
123,21.02096743709905,43.55567994901446,1,1,1
124,21.08492929937767,46.36386332329867,1,2,0
125,24.783461866281606,60.90353105027455,1,0,1
126,23.77738455079812,55.089823369967675,1,2,0
127,27.870583960324364,55.83703898588514,1,0,1
128,21.80675518895639,52.008556729606845,1,1,1
129,26.01379232011342,52.26750361947773,1,0,1
130,19.517883828803754,46.6490111317358,0,2,0
131,26.444571617610183,54.77172560834766,0,2,0
132,22.436037957396614,59.701499434956126,0,2,0
133,27.308888064312434,56.82164825670752,1,0,0
134,24.31027219162201,50.757639568190996,1,2,0
135,24.71436131127743,54.1676405440288,1,1,0
136,23.397406502241406,56.01889564624899,0,2,1
137,24.305385766368822,50.83507822050491,0,2,1
138,21.651274909940884,53.27012833239041,1,1,0
139,26.12670727087918,54.949620774709786,0,2,1
140,25.128067798681837,49.48884098356448,1,2,0
141,24.884107674468854,54.85194798627928,0,2,0
142,23.066692002652125,57.08257083880991,1,0,1
143,25.856107651249726,48.88183110778175,1,1,0
144,22.956455400579692,53.46993038271296,1,2,0
145,20.386512654522075,56.75288983364288,1,0,1
146,22.15577529800679,49.16364594549649,1,2,0
147,20.976146646407802,46.695916845330814,1,2,0
148,27.897899037154875,56.84614582750692,1,1,1
149,28.904808611608626,59.1440129575295,0,2,0
150,28.216692296536337,48.78172688958324,1,2,1
151,25.73391799946989,55.99624170899005,1,2,0
152,27.191799635351728,42.8325381443745,1,1,0
153,22.83855935289626,56.099881075989884,1,0,1
154,26.264616817461512,49.807944249019194,1,0,0
155,23.0637063825648,50.67040664383486,1,0,1
156,26.19155993002373,47.9078162652998,1,1,0
157,26.00786114581722,43.70421797539656,1,1,1
158,27.55187710990587,42.514795292709174,1,0,0
159,23.497094929605336,44.76137725507025,1,2,1
160,26.770290097665974,51.87977502730581,1,0,0
161,27.297161968081767,55.480392232825466,1,0,1
162,24.530081108711656,59.256200553920735,0,0,0
163,27.266415205234296,43.91181958697555,0,2,0
164,24.491074160145285,50.566330469248584,0,2,0
165,24.720711839519677,47.57672475133764,0,2,0
166,25.59091008453026,49.2048953005745,1,2,0
167,25.016965511851893,55.65034015859036,1,2,1
168,24.545319634738227,52.7283091024048,1,2,1
169,27.583300827172422,53.172967839571044,1,1,1
170,24.827325531233672,51.67940064743331,1,2,0
171,23.9902106960705,50.87206013498319,1,1,1
172,27.144776229693324,53.57376197333536,1,2,0
173,24.407760634400287,60.65843052718088,1,0,1
174,23.784528252061094,57.83804929022271,1,0,1
175,25.489750855287628,56.90474265546726,1,2,1
176,24.96631892614364,63.599307998082395,1,0,1
177,26.48559452204726,50.699334482937736,0,2,0
178,26.45843652039463,52.31878045719986,0,2,0
179,25.47046770818894,64.51999075690364,1,0,1
180,21.393942646316596,57.13564219260894,1,0,0
181,22.801362922915946,46.217077111056334,1,2,1
182,22.027723013486394,54.04849166522136,1,2,0
183,25.563327199284416,57.07723531758553,1,0,1
184,29.002678732178524,56.580362794060015,1,0,1
185,25.405805892562807,56.059570474881305,1,2,0
186,21.409038324375608,50.91842881013764,1,2,0
187,25.052739278839468,49.72696612303592,1,2,0
188,23.15764776093626,60.79121558841898,1,2,0
189,20.699603629889282,60.784012284336086,0,1,0
190,26.13157670550414,54.11122542064366,1,2,0
191,25.06081699313177,49.47837341448529,1,1,1
192,25.373275316586707,48.9139176555712,0,2,0
193,28.666899559083838,50.22335731046822,1,2,1
194,24.075174574100245,61.34645858816474,1,0,1
195,24.547896392588342,53.958012438249256,1,2,0
196,26.836489160269235,53.21355770928228,0,2,1
197,24.41998408256311,50.862625442724635,1,2,0
198,23.67192108203588,47.39492464451287,1,2,0
199,27.14403502196061,56.07251969687131,1,0,0
200,22.66638655916258,65.05260852808925,0,2,0
201,24.34718427849055,55.950149821953,1,0,1
202,22.645392198719307,54.55536756689249,1,2,0
203,24.3468619389468,57.86277197812245,1,0,1
204,24.081199289982358,45.26497552428322,1,2,1
205,24.86794414443332,56.76049134832049,0,2,0
206,24.98242773138762,50.584800371645656,0,2,0
207,26.14664337250398,57.163233869925776,1,0,1
208,28.81662936169921,58.84249272377938,0,2,0
209,26.361244778747743,56.38954912211953,1,1,1
210,26.835090062970895,55.954666048596984,1,2,1
211,25.344388718518076,60.64963186731029,1,0,1
212,23.932298199746718,50.518835219436106,1,2,0
213,23.193788067073097,49.85768244727497,1,0,1
214,27.89384902986472,63.05759509101749,0,2,0
215,26.387211146882603,43.96081806930927,1,2,0
216,27.908766867028607,66.4761624757307,1,2,0
217,23.6763124110697,57.63629597509616,1,0,1
218,21.901826136293984,56.480668027967404,1,2,0
219,25.43518125255693,61.019329030632704,1,0,0
220,26.432865744197954,59.414082180458244,0,2,1
221,28.562824074061812,52.608130123518606,1,0,1
222,23.18460946130089,44.836947543078445,1,2,0
223,25.232799311474476,57.460117721510876,0,2,0
224,26.483535080492288,54.66764285088447,1,2,0
225,25.2921911609602,42.106705492894704,0,2,0
226,22.804345565738238,51.01929316574188,1,0,1
227,23.9354075490787,54.263286001757265,1,2,0
228,24.69983564406636,47.102320797117336,0,2,0
229,23.33810851971696,61.25675920553704,0,1,1
230,28.311753907081222,52.63568440093205,1,2,1
231,21.650596886105173,49.972896054499756,1,1,1
232,25.99223114208685,45.83199910291446,1,2,0
233,23.538559619887966,52.03087502961315,0,2,0
234,26.03843752943036,50.24939207554142,1,1,1
235,26.630245693615635,52.2759853639826,0,2,0
236,23.93893704222077,55.68313282127327,0,2,0
237,23.48333847036213,53.45455448427293,1,1,0
238,23.004438203234763,49.822481449393095,1,2,0
239,26.62193806934738,54.456372990387386,1,2,0
240,25.221397081124426,47.58086644778608,0,2,0
241,23.26595383561475,51.75042294140717,1,2,0
242,24.343403797702738,53.06067924136966,1,0,0
243,24.29904012127202,52.24498386323605,1,1,0
244,26.070476390754834,47.14600846689253,1,0,1
245,26.807796759449253,55.404456952003585,1,0,1
246,22.13919972493794,58.97753365487504,1,0,1
247,26.99167468461454,54.24584020676385,1,1,0
248,25.320818007639645,55.981517608211696,0,2,0
249,26.273437274916894,54.8581797118281,1,0,1
250,25.20965660025795,59.21869610258832,1,0,1
251,25.544395698113505,56.06200998244927,0,2,0
252,22.666638832880146,56.8232183165756,1,0,1
253,26.62720008949926,51.358163433514925,0,2,0
254,24.178778874502456,45.05917894508759,1,2,1
255,26.480971561160306,54.71233131487389,1,2,1
256,26.66335667632474,48.03681348226175,1,1,1
257,26.764004376540765,53.260819009480024,1,0,1
258,28.103901965605843,58.04972520739616,1,0,1
259,27.766520475364132,55.53355056781767,1,1,1
260,28.029594280789297,50.364683479130015,1,2,1
261,22.33099798056763,55.3459470455597,1,0,1
262,21.71309304268111,57.12825511773141,1,0,1
263,24.404675278917185,52.487613628975744,0,2,0
264,24.820358934501677,43.84622004818655,1,2,0
265,25.20968997467361,58.94346948179351,1,0,1
266,23.224011449679082,54.17704622141591,1,2,0
267,24.864042087876914,52.65023667666646,1,1,1
268,22.50164321343514,55.39417658137672,1,2,0
269,26.338493288904928,59.022311950612384,0,2,0
270,26.917364212642063,52.555378308946814,0,1,1
271,27.02305278635421,54.77284285870977,0,1,1
272,24.32405196673758,62.29485965958587,1,0,1
273,25.55904611456503,39.3160177940165,1,2,0
274,22.88740105572022,47.589625778576966,1,2,0
275,25.574392937803903,51.29819347476395,1,2,0
276,25.721840505495802,54.93840398406151,1,2,0
277,20.52478750128768,49.636965284857965,1,0,1
278,23.597039924420294,47.85851539522705,0,2,0
279,27.553302366945168,65.12073091185698,0,2,0
280,23.520432017879617,50.646565143820084,1,2,0
281,25.849395673045557,53.03876992188457,0,2,0
282,24.039037141744224,52.274528387157794,0,2,0
283,26.378934857276278,56.5785412459396,0,2,0
284,24.00817568745363,55.168036982256986,0,2,0
285,22.27056243561411,59.65208054166299,1,0,0
286,24.10115786281347,52.867414694944785,1,2,1
287,21.25941660871544,43.11377894323505,1,2,0
288,24.52342055543085,49.1585536761337,1,1,1
289,26.72542586851709,62.96578932145134,1,1,0
290,24.90935421142491,55.085461661115005,1,0,1
291,26.095590845502343,59.35346418991029,1,2,0
292,22.302856292489494,57.01672544047719,0,2,0
293,27.324400690043788,52.86201062734678,0,2,0
294,25.449120309196875,54.97446588071361,0,2,0
295,27.69295692947574,61.01236104128456,1,0,1
296,24.963684224355518,54.42380185200432,1,1,0
297,26.260125499152085,40.43372853435892,0,2,0
298,26.720995114233478,61.27860265623932,1,1,0
299,26.289455916237497,51.6471016634918,1,1,0
300,26.78374997615077,55.945912628217386,1,2,0
301,26.75545212839779,49.908175442080434,1,2,0
302,25.48413920006461,51.00811784099323,1,2,0
303,27.534453532436014,62.75254802321863,1,1,0
304,27.224105745508442,49.089126779475855,0,2,0
305,24.595500047677568,53.301832413794465,1,2,0
306,24.236110730884516,49.92370431836869,1,2,1
307,26.187117450760244,57.863944445113205,1,2,1
308,19.15666669103143,49.41273739907505,0,2,0
309,26.68810790614559,48.90567220409209,1,2,0
310,28.677266632304523,45.94395050890096,1,0,1
311,24.895605595069576,48.67329188109049,1,2,0
312,27.637281132579226,47.25195481264936,0,2,0
313,27.899176872410504,49.21143410674046,1,1,1
314,24.274079621345173,47.664213215369536,0,2,1
315,21.62011023454846,55.49304818745914,1,1,0
316,26.520469488242323,57.546778676344914,1,1,1
317,26.799567924735257,58.62001547577473,1,1,0
318,25.961320510899615,47.15186977489316,1,2,0
319,23.26115575205912,49.68712964750686,1,2,0
320,25.080762233961035,52.89737179269696,1,1,0
321,25.977675685351755,61.899273251943015,1,0,1
322,23.379498265686397,50.147713643875896,1,2,1
323,23.344012802539243,39.6450543716817,1,2,0
324,23.789027394283163,55.484011180187316,0,2,1
325,22.575913970553653,54.794265571040036,0,2,1
326,18.74587193777993,52.77177993258226,1,2,0
327,25.58207416547669,54.58395709679435,1,2,1
328,24.252779513927013,48.80321164844095,0,2,0
329,23.787044547112743,50.236063528156585,1,2,1
330,25.545565202720258,47.746821823149716,1,2,0
331,27.50365459610122,46.79822018466623,0,2,0
332,26.469397381773046,57.9395612092595,1,2,0
333,23.076941379528584,55.040187592668055,1,0,1
334,23.616920574294582,46.03069259096285,1,2,0
335,26.61175710252154,44.38767605745955,1,1,1
336,27.16639609252529,59.24375988424358,1,1,0
337,25.583058251868778,55.34776685987708,1,0,1
338,23.647663687326634,63.01202415950185,1,0,0
339,24.052192936454805,55.02735694965125,0,2,0
340,24.969125531894473,54.73654673141127,0,2,0
341,26.592642004193166,52.650794440454106,1,1,1
342,24.500401242400944,48.29338887559023,1,2,0
343,24.652926728599837,51.76410077221856,0,2,1
344,23.65247724158246,56.84844677200558,1,0,1
345,24.98144822499767,50.4018763275957,1,2,0
346,25.71258926257428,49.971289968223964,1,0,1
347,24.935622274666454,49.260688934491256,1,2,1
348,23.734946719543004,53.59496413974937,1,1,1
349,24.263316558052697,52.09677487648431,1,2,0
350,25.01790597156339,52.866431012568235,1,2,1
351,25.004185252049464,45.74999980728518,1,2,0
352,21.108439208454104,57.02097004479667,1,0,1
353,23.137717410314135,54.76803725892851,1,2,0
354,27.538381456628862,54.386894022585984,1,2,0
355,24.705250736236504,52.9160165752339,1,2,0
356,22.334419980110976,58.51849606188582,1,2,1
357,22.756365517840518,59.009605115336505,1,1,1
358,26.30247075262748,52.77842149595302,1,0,0
359,25.01925066021901,56.55864955573455,1,0,1
360,22.36487801392626,48.17100467050896,1,2,0
361,26.556569951381352,48.8619494801869,1,2,0
362,23.8561030217398,55.64817261301086,1,0,1
363,28.691875887794023,45.985521069886985,0,2,0
364,23.39963254192271,40.942779318875814,1,1,0
365,23.288775682307836,50.896347117370404,1,1,1
366,25.06490031530407,62.39325711328027,0,2,0
367,26.560068125482694,51.91693164551358,0,2,0
368,21.290011531760896,58.376189879327,1,0,1
369,23.335576396963738,48.496212072182225,0,2,1
370,27.494419364498203,56.273898244918485,0,2,0
371,25.122118922916272,52.429678471171094,1,2,0
372,24.399001770404773,57.196496885712456,1,0,1
373,25.086433660555446,58.403643903781784,0,2,1
374,25.84128263923037,43.73433559121692,1,1,0
375,24.14604920444123,57.826425370493,0,2,0
376,22.04028177834025,42.93540668035249,1,2,0
377,21.118576715589633,45.43104874384879,1,1,1
378,22.715507967852083,45.92739984079432,1,1,1
379,25.43803698733553,52.80704258473501,1,0,1
380,26.53727771410772,54.63235174005681,1,2,0
381,22.33219929549567,47.236184781118496,1,2,0
382,24.1614213833496,48.80191827316315,1,2,0
383,26.59412124407635,53.68696944839937,1,1,1
384,21.449836583440682,48.971343057848316,1,2,0
385,24.08359990476227,57.552471292870884,1,0,1
386,27.629128949434154,59.44878431535497,1,1,1
387,23.92466764211858,51.79866823747277,0,2,0
388,21.64063794076892,45.396574484073554,1,2,0
389,21.815681162603504,47.80683240269835,1,2,0
390,23.974198273636535,46.675659887686194,1,1,0
391,27.088696098376325,53.30198889297015,1,2,1
392,22.63735282349535,58.20891941798708,1,0,1
393,22.74797833845507,55.76363548389968,1,0,1
394,26.964322921430885,59.25347110770249,1,1,0
395,25.30989305308466,52.85489079807893,1,1,0
396,26.49185393514963,57.905863295217436,1,0,1
397,25.189290854551235,56.63494267902338,0,2,0
398,27.19131263721877,50.17285765719175,1,2,0
399,22.70750748017118,41.3172092819737,1,1,1
400,25.409105712483292,49.01121008042248,1,2,0
401,24.32674048840706,59.65070190477496,0,2,0
402,23.342843844931014,56.518339166163834,1,0,1
403,26.181243660309786,45.53232281366236,0,1,1
404,27.973541106177585,61.2568759689352,1,1,1
405,25.833547931600414,49.126131427653924,0,2,0
406,26.038914661817913,58.31442671894861,1,1,1
407,25.178394451409186,48.119949491375046,1,2,0
408,26.283591944162026,54.68537439816987,1,1,1
409,27.830062923051898,47.89291130877001,1,0,1
410,28.428692392296416,46.59383262800127,0,2,1
411,24.140406199674263,49.68766633080872,1,2,0
412,25.413550680502233,60.21306144687248,1,0,1
413,25.57324505133632,50.24173002864864,1,2,0
414,27.765566280429073,49.15499222627155,1,0,1
415,27.33224956904619,55.195917488220154,1,1,1
416,23.161814099735135,43.08834349378154,1,2,0
417,29.688420491434695,52.678570821696844,1,2,0
418,24.592115522296844,48.895469715265136,0,2,1
419,23.795046701059324,49.14713588461129,0,0,1
420,23.34316011157684,58.8549789949599,1,0,1
421,24.351979072373396,57.27622394410321,1,0,0
422,24.272918290804707,53.20632281153846,1,0,0
423,24.85337166345243,57.28651455209893,1,0,1
424,24.447985865432308,46.4762488623027,1,2,0
425,23.345803762786698,50.460695470739914,0,1,0
426,26.33681321089569,47.88448062137791,1,0,1
427,25.20214105386991,45.97459457675081,0,1,0
428,25.458571375745763,50.845239469542804,1,2,0
429,27.845999592952502,45.67536834136544,1,2,0
430,22.346501232751077,41.28035928805766,1,2,0
431,27.100513418507965,51.68077056270477,1,2,0
432,21.5968071517322,52.33840415245722,1,2,0
433,27.664692819803367,48.42126701797019,1,1,0
434,27.708070384525996,54.5037477780843,1,0,1
435,24.364519263086425,54.57291206415012,0,2,1
436,24.6498561744907,58.489845057483905,1,0,1
437,25.120248228369622,55.784466529948716,1,1,0
438,24.3164324359659,54.09818218295098,1,0,1
439,26.05030188196678,60.37010780452948,0,2,0
440,27.213892481268054,45.94180172378557,1,0,1
441,26.008745761799318,53.29896999435527,1,0,1
442,23.807077237425762,51.479380116578504,1,2,1
443,24.667679980604213,59.26741407473086,0,2,0
444,26.207430323657942,52.99474488501256,1,2,0
445,25.72641917417421,50.6135302886192,1,0,0
446,26.056523802654297,57.8856609667973,1,2,1
447,27.030283227828647,55.008628421683696,1,1,1
448,25.589737755105915,52.508906243917934,0,1,1
449,26.98649702409642,53.62550864953484,1,1,0
450,27.784049704538074,45.56076386748751,1,2,0
451,27.913776167407146,54.115523722283584,0,2,0
452,23.097693642145046,46.615151314784065,1,2,0
453,25.991289488937237,54.63420980322621,0,2,0
454,27.567444182300854,52.78483382236499,1,0,0
455,25.55480705765276,50.42633951781624,1,2,0
456,26.604315335709657,56.44766766971124,0,1,0
457,27.618996770340473,47.881410371210514,0,2,0
458,24.486071479678,57.1025138149603,0,2,1
459,26.972245530799388,47.04673617135979,0,2,1
460,27.001924784095785,47.59351870943604,0,2,0
461,21.732514688227447,51.694618204456084,1,2,0
462,27.178395035321515,52.753250236819646,0,2,0
463,24.685027411718064,52.09987172769273,1,2,0
464,27.42592464621983,57.72315572815687,0,2,1
465,25.171294928939236,47.15641842154877,1,2,0
466,25.76245884009485,46.11085014149709,1,2,1
467,25.0550957529104,48.869825863072236,0,2,1
468,25.186996110299905,52.044426506976386,1,2,1
469,25.344667655302406,48.21785244169575,1,1,1
470,25.41324223678828,57.57933423741156,1,0,1
471,24.793675772736897,57.56228745600589,1,0,1
472,22.943540948006362,46.39270801309298,0,2,0
473,26.11284810239587,44.43121760379735,0,2,1
474,24.1467655948409,59.40443137549639,1,0,1
475,27.602036448538843,52.1187923418203,0,2,0
476,28.027943802713075,61.92480785432535,1,1,1
477,25.082733046403867,49.809982835633924,1,2,0
478,25.199291632541623,54.98424773904206,1,2,1
479,22.613011023863905,51.12603735967814,1,2,1
480,21.503173391997873,45.64901003750886,1,2,1
481,23.473023605993983,51.4270234407072,0,2,0
482,23.805434205088375,57.34698548369716,1,0,1
483,24.731151320074932,55.505864015502105,1,0,0
484,24.18776491609058,49.277812796974764,1,2,0
485,27.725772326341072,56.95459143588633,1,0,1
486,25.30266249076608,40.04632815982508,1,0,1
487,26.670984949549435,54.17300347628895,1,1,0
488,25.897262311381223,48.69703465120476,1,2,0
489,27.22189116262445,48.61930743573429,1,2,0
490,22.49383274651474,47.81193078514025,0,2,0
491,26.232646268254786,60.05459496011033,1,1,1
492,24.773428060826898,52.92186634613138,1,2,0
493,25.657190849413176,48.69149574983564,0,2,0
494,24.937463115736772,52.426602583016745,1,0,0
495,24.878533646792192,54.88068494985994,0,2,0
496,25.420646067366704,44.78937591021963,1,2,0
497,24.85349427259596,53.87233638924265,0,2,0
498,25.708624323372014,53.611607836018806,1,2,0
499,22.431176091847643,53.5191433481795,0,1,0
500,27.758933092215848,47.529922528245585,1,2,0
501,26.115049071846624,50.012380238118155,1,2,1
502,25.077837952105433,60.432835699726496,0,2,0
503,23.662006037262117,49.79866325388525,1,2,0
504,27.774805332501558,54.64260746800238,1,1,1
505,24.406092866124304,52.263178560130626,1,0,1
506,22.86769457280718,51.471445718374135,1,1,1
507,24.797750210843304,45.05344723779226,0,2,1
508,24.18483690889752,59.42025209815262,1,0,1
509,26.333146204958737,47.55290533690018,1,2,0
510,27.75279368920645,52.87717388144607,1,0,1
511,25.157952734663102,61.41048100554706,1,2,0
512,23.115260512171883,61.46409574427443,1,0,1
513,29.269383438423255,49.53351487186186,1,1,1
514,22.68946016811922,54.79664932054851,1,2,1
515,25.764366396531933,37.18049727720787,0,2,0
516,25.098120593170933,48.37125233321466,0,2,1
517,26.450543396285077,54.517900782675476,1,0,1
518,26.316123110895887,58.56694172666467,1,1,1
519,27.351717231989408,52.199366359829355,0,2,1
520,25.083713761541077,56.65758201403003,0,2,1
521,21.37015813204179,40.921951696443884,1,2,1
522,27.481342367276337,51.5293360933327,0,2,1
523,25.936622507076518,62.257089320747845,0,2,0
524,24.458070047773816,46.40117603632453,1,2,0
525,25.98403317708577,63.659506557732286,1,2,0
526,26.248392128798375,53.56875342362723,1,2,0
527,26.43021229628392,53.60096265211488,1,0,1
528,29.541167790538296,52.71686201952412,1,1,1
529,28.968227954194944,49.96023066489668,1,1,1
530,23.119471928673978,57.66825768931966,1,2,0
531,24.9811457885594,57.834931820249246,0,2,0
532,24.245535874358787,48.77528273315441,0,2,1
533,24.422405630820844,50.18839354653954,1,2,0
534,25.18750309168994,51.69559207991295,1,2,0
535,24.43164360570658,54.038150207555674,1,1,0
536,23.86662356982935,44.909577188255135,1,2,0
537,26.668913751009473,59.42566027316548,1,1,1
538,26.243244559026635,41.39696652916614,0,2,0
539,27.04871857441925,51.04653037817789,1,2,0
540,24.74882922459726,50.408296604756664,1,1,1
541,24.499648809382514,54.71478470371945,1,2,0
542,28.554527053589716,55.39541117682045,0,2,0
543,28.025204554015232,45.51428893093583,0,2,0
544,25.855449574775182,48.6991624336589,0,0,1
545,24.304099139457986,60.43394831636536,0,2,1
546,22.988219015597465,61.85592946582501,1,0,1
547,26.604422265725283,59.453934587826694,1,1,1
548,25.469710430036322,58.51608971143095,0,2,0
549,23.90689824137562,54.10164766145199,1,2,0
550,25.066270311340144,53.982622219934484,1,2,0
551,21.51687998587805,52.05430634582453,1,2,0
552,25.343479487200646,55.785844487780274,0,2,1
553,21.56918535884273,51.792629680771014,0,2,0
554,22.473253545973602,46.48194463077559,0,2,1
555,25.89282876743285,49.509854272268775,0,2,0
556,25.15937756501875,44.08587173220154,1,2,0
557,24.63250419487081,47.9161525548085,0,2,1
558,25.94635698969061,53.83704405060009,0,2,0
559,24.73362500791893,53.789566454743024,1,2,0
560,25.29953673055802,46.80688864789551,1,2,0
561,22.771102308259305,57.47053933501873,1,2,1
562,25.72130333155262,44.66365358187385,0,2,0
563,24.058031749359316,44.82396117154614,1,1,1
564,24.392745368058485,35.97923705159755,0,2,0
565,23.096582073837695,50.44185802278807,1,2,0
566,24.29520976898501,49.46299450735458,1,2,1
567,26.06367911955916,61.26955162420564,1,1,0
568,27.586204527603222,45.691561801482365,0,2,0
569,24.927772097993362,49.134072098879486,1,1,0
570,24.668773071700134,53.55613504240393,0,2,0
571,25.768765687303794,49.29673159122835,0,2,0
572,26.22857720033494,55.015947938806555,1,0,1
573,21.06106256431772,46.04983024202532,0,2,0
574,28.067233320654168,60.48886909470974,1,1,1
575,24.097578371377118,53.63585242226279,1,2,0
576,25.708094269863217,60.513701081238324,1,0,0
577,25.4853012110614,37.84234021875996,1,2,1
578,26.18252465921072,53.236374137220274,1,2,1
579,27.55381028081012,53.920784239099085,0,2,0
580,22.98632353230741,49.050247311648896,1,2,0
581,26.819175968050917,55.95844144181429,1,0,0
582,26.96707853318492,52.31682261998483,0,2,0
583,24.131789205144244,51.90147699867141,1,1,1
584,24.104939145324966,52.20828408180172,0,2,0
585,24.151812355665825,48.268828037084134,1,2,1
586,21.783768545688478,50.89179127937279,1,2,0
587,25.039485922667637,45.162046724879076,0,2,0
588,23.68182709240962,51.98475129245466,1,0,1
589,23.765147733682156,57.05490369548742,1,2,0
590,25.14711928047438,51.75223381400947,1,1,1
591,24.79024463177469,53.255276234424834,1,1,1
592,26.48938676266155,57.14140937413907,1,1,0
593,24.74881916329618,51.40155914606921,1,2,0
594,25.56257543087108,49.01924579209177,1,2,1
595,26.468813026368515,47.237874150918024,1,1,1
596,26.15004085085969,45.69634674889298,0,2,1
597,23.934034710975492,53.180295028574825,1,0,1
598,23.407175965478146,53.26083327596525,1,2,0
599,23.91318183104492,48.74876409209313,1,2,0
600,29.156508317021377,57.7041104315096,0,2,0
601,25.83671505823882,50.38046819034824,1,1,0
602,27.71949575824253,50.31187611864526,1,2,1
603,27.193838259533194,54.07907629856535,1,1,1
604,22.118278649630845,49.3133835345683,0,2,0
605,27.36654868239576,46.25978500618551,1,2,0
606,22.446741472951516,50.21990268795817,0,2,0
607,25.716822439809505,62.2873900610651,0,2,0
608,25.81764782377481,54.37477082273553,0,2,1
609,24.307447499417048,50.326072445138585,1,1,0
610,26.834750788039592,48.19385863995524,1,2,0
611,25.560864820199594,48.88112269406223,1,2,1
612,23.57782004056145,52.32242708806202,0,2,0
613,24.445745323579843,62.06628173076078,0,2,0
614,24.474954437350895,43.686398835715636,1,1,1
615,25.455102064911046,37.832315751935404,0,2,0
616,29.429048651197824,45.417130227668785,1,2,0
617,29.265823252516025,62.48486263256925,1,1,0
618,21.6588859861135,52.544339249061245,0,2,0
619,26.0929217466608,57.413371842298815,1,0,1
620,20.580715138985173,47.681869589591116,0,2,0
621,21.141580659969858,47.65857898209878,1,1,1
622,24.73048701871596,49.8845072038463,1,2,0
623,24.30276824978528,57.6492216977573,1,1,1
624,22.877528067983512,46.405117293176225,1,2,0
625,25.623877235005715,45.61244381500882,1,1,0
626,25.651602363300675,50.80434906346701,1,1,1
627,25.15622726617458,59.81963741036855,1,1,0
628,22.067966499854187,54.591352356516694,1,2,1
629,25.23491823522462,54.48210786028649,1,2,0
630,25.88399726871921,54.728028717043955,1,2,0
631,23.25859869409235,56.63559657166576,1,0,1
632,21.573543792930046,57.10777336502897,1,0,1
633,22.950067690328805,56.62298228449604,1,0,1
634,25.504294606659787,54.51739314864501,0,2,0
635,21.38765957092114,51.77657465400458,0,2,1
636,26.02648028242993,53.69816171604176,1,2,0
637,23.61133603606561,57.04294716477841,0,2,0
638,22.97128122627905,57.187020406138,1,1,0
639,27.645782640701803,43.48695817064066,1,2,0
640,28.860774920344383,47.51572112110704,0,2,0
641,24.06237167686016,59.1049548782601,0,2,0
642,23.54513042087645,53.87243419704578,1,2,0
643,26.88432268132077,58.499643972912196,1,1,0
644,24.531489348882968,53.33091310728658,1,2,0
645,24.211406410240425,56.197916611147356,0,2,0
646,24.772705242507786,58.75302929797964,1,1,1
647,26.635235090259005,52.531806545456945,0,2,0
648,21.855234632880183,49.786322018944446,0,2,1
649,22.25456509968243,47.10560332484945,1,2,0
650,24.518864083440995,52.576157520673924,1,2,1
651,30.824680729935302,54.08502725965311,1,2,0
652,26.411829471697523,44.23526947680067,0,2,0
653,23.892114926236037,60.069310775552125,1,0,1
654,20.54906417025575,49.164004634338696,1,2,0
655,25.6914967565688,50.727622210701746,1,2,0
656,23.918672580938857,55.08428029560889,1,1,0
657,22.990073797554523,50.138713304682135,0,2,0
658,25.57478763705188,59.1394426924824,1,2,0
659,24.54490945020486,52.66629070970197,1,2,0
660,26.335884366834772,46.69008618167266,1,2,1
661,27.94989743907063,51.45283401837414,1,2,0
662,23.75407040754647,63.076610731665006,1,0,1
663,23.192401726724977,54.401862513242826,1,0,1
664,25.05989170972794,51.222944141606526,1,2,0
665,22.774665450313204,60.097299764910495,1,0,0
666,27.964984577944,52.585040883900746,1,0,0
667,23.635808693525806,58.385635337413476,1,0,0
668,26.460866786795776,52.56697997997671,1,2,0
669,21.999927504247466,53.519057234399305,1,2,0
670,26.794278987320805,55.917183510433674,1,1,0
671,24.064953328981705,53.60251078363825,0,2,1
672,28.319454607015732,50.87847033701564,1,2,0
673,22.65988333209208,49.7171938067772,1,2,0
674,25.312670426093955,50.97629753797418,1,2,1
675,24.6786130942068,55.55315125306469,1,2,0
676,23.235596008379634,49.32169058589852,0,2,0
677,28.020851509489738,50.62971294749152,1,0,1
678,26.95456427748151,46.614429408891866,0,1,1
679,19.868485974852035,52.12173075899542,0,2,0
680,26.16796627324258,45.7606947373706,1,2,1
681,26.926709571527038,66.76882286525466,1,0,1
682,21.736036998994187,55.374375026798404,1,0,1
683,22.384822505203122,56.066584217533766,0,2,0
684,20.707369312192483,48.60019976204423,1,1,1
685,24.051262796644913,49.09471476055299,1,1,1
686,21.249880222519053,57.351151891439635,1,0,0
687,21.593546940351295,53.15780323502017,1,0,1
688,22.636082483127115,55.81864917659256,1,0,1
689,27.83541707046199,56.283500357753724,1,2,0
690,24.132899674767252,55.73188007953635,1,2,0
691,24.963781297090026,53.63080772187942,1,1,0
692,23.676441172906564,43.18605078374351,0,2,0
693,24.645124704551158,49.46635629113528,1,2,0
694,23.47104245160789,63.02878883101239,1,2,0
695,24.28234687197967,52.053694714584694,1,2,0
696,24.121775844385734,60.01928554831855,1,0,1
697,23.904903861588267,60.68702152462892,1,0,1
698,27.184216344597328,60.49813494432854,1,1,1
699,25.80435258892521,47.72784981218266,0,0,1
700,23.016586277142377,42.90617907645042,1,1,1
701,23.89480763444826,55.44443436071489,1,0,1
702,22.810775520678117,48.24239017236915,1,2,1
703,23.753993116654048,37.811538901725456,0,2,0
704,22.165721535658978,50.03066171819837,0,2,0
705,25.827791220846702,48.76516278815057,1,2,0
706,25.685835670223575,54.804315750484975,1,0,1
707,21.52488786751662,60.90060625518127,1,0,1
708,25.150470261808582,50.58136990486406,0,2,0
709,24.021317996466347,50.77626122165156,1,2,0
710,23.501047817719975,50.64524402336363,1,2,1
711,27.06450745023475,44.043846476393746,1,2,0
712,22.42676751623367,52.072652537008615,1,1,1
713,25.739358822950273,44.780272758347074,1,2,0
714,25.31326553374021,58.90112968510196,1,0,1
715,23.085376903383555,48.82663739367159,1,2,0
716,19.976699637406412,54.17924117041845,1,2,0
717,25.658989232858723,51.80049617798705,0,2,0
718,26.450419287588222,54.669586249678396,1,1,1
719,25.936680061314206,51.54974752303895,0,2,0
720,27.49329109191891,47.07489047421576,1,1,1
721,25.14754511027014,56.2499965613962,0,2,0
722,26.29616598578465,51.37293004824931,0,2,1
723,24.326713700074503,46.163077898108064,1,2,0
724,23.789207044035233,56.70770580218571,1,0,1
725,21.95228127885466,54.996197141544,1,2,1
726,27.681327489824287,49.55587158500825,1,0,1
727,23.281477558771996,54.72385837579267,1,0,1
728,23.939576992046376,54.40530676552048,1,2,1
729,21.3429021712716,56.83346903883184,1,0,1
730,24.3138540525366,47.22473170482749,1,2,0
731,23.65724727676602,49.664799625919066,1,2,0
732,28.878882156824332,66.33348481104697,1,0,1
733,23.550533236784343,57.53986853206372,1,0,0
734,29.795423643686497,49.46317407095233,0,2,0
735,23.467643884313564,55.422586511515455,1,0,1
736,23.083511787325698,57.78853129611115,1,0,1
737,26.226405282640943,49.48774585640826,1,2,0
738,22.896092510665454,45.88275771821891,1,2,0
739,25.115945567230572,53.500103934787624,0,2,0
740,25.071512223040592,53.60433884680924,0,2,0
741,22.60301732209097,56.35692918232264,1,1,1
742,23.47974165813107,47.41461370138611,0,2,0
743,25.55690837400424,55.75701243463387,0,2,0
744,21.397190965924583,52.599396839623964,1,2,0
745,27.569765490679288,51.929706264725375,1,2,0
746,21.370304565684762,55.04090695238579,1,0,1
747,24.36779060293799,59.687321896453916,1,1,0
748,24.36057228383617,47.14311825085625,1,0,1
749,24.58019996066973,61.17439134822611,0,2,0
750,24.177065807404308,60.27889008185193,0,2,0
751,26.198969642210063,50.443532645777125,1,2,0
752,23.82330852159299,48.845788982011584,1,2,0
753,24.4549267541039,58.02063125768863,1,2,0
754,21.00165518229458,64.56554208994328,1,0,1
755,25.72036935785997,48.753757757448106,1,2,0
756,25.650310538034645,51.9993215796072,0,2,0
757,23.863148759088897,52.57352525938637,0,0,1
758,22.746627033772466,59.350983998270856,1,1,1
759,26.326731128275203,54.482356186670565,1,1,0
760,25.980117150407068,57.74312424549578,0,2,0
761,24.67014693216461,44.445463589548524,1,1,1
762,27.98471808310696,54.420378064450276,1,2,0
763,25.20495929335343,51.86755396909801,0,2,1
764,28.98994747890568,51.39368740848135,1,0,1
765,23.901674967473323,55.737708227696594,1,0,1
766,22.289290460887685,53.349080990657065,0,2,0
767,23.7789531639119,55.725310022726276,1,2,0
768,24.663205627567553,51.99006254969753,0,2,0
769,21.44033460726784,56.25596667695094,1,0,1
770,23.374337513464752,43.73299413227906,1,2,0
771,24.58603020670299,52.7854085709716,0,2,0
772,25.413038698600136,56.17606515400247,1,1,0
773,22.789062543895042,45.91477483992073,1,1,0
774,30.297604300359865,49.444042307096424,0,0,1
775,26.43526149604668,58.55994275968196,0,2,0
776,25.79269236919121,63.970805752362146,1,1,0
777,27.7343995917158,56.914544741902155,1,1,1
778,20.548602983984665,49.499802543099136,0,2,0
779,26.2671907748951,59.53601780778651,0,2,1
780,26.124165378645454,52.24414650361473,1,2,0
781,28.1572203166363,40.443885231103465,1,0,1
782,24.596236262912672,53.11232498572614,1,1,1
783,24.45716431239092,55.16920606292965,1,0,1
784,23.741340975407983,49.39561943941784,0,2,0
785,23.969162136349006,56.318199490734656,1,0,1
786,23.035022377672423,45.05104929885253,0,2,0
787,25.068971177376778,55.98907267158919,1,0,1
788,25.204855024187026,51.514602614352185,1,2,0
789,22.428863578507944,43.19344284225284,1,2,0
790,29.119456175902073,49.939101696828565,1,1,0
791,24.326396349538758,52.6841460528405,1,2,0
792,27.953293010761666,48.84236321399716,0,2,1
793,26.30329738336561,38.50604534411805,0,2,0
794,26.824688176048486,47.46282288627481,1,1,0
795,21.826128590233992,47.62691431607425,1,2,0
796,25.562961952588896,57.247712055608666,1,1,0
797,27.73245102579458,49.903989317882925,1,0,1
798,24.47290604304428,49.50976284448194,0,2,0
799,25.56078425094906,48.54002452772458,0,2,0
800,24.321545432369998,52.15068545334154,1,0,0
801,28.71444382907581,56.82477696411024,0,2,0
802,24.17386146161906,48.771204627597776,0,0,1
803,24.69667162590518,56.58813065888552,1,0,1
804,24.008677909842216,54.27090980076357,1,1,1
805,24.612881992291737,59.13698832958944,0,2,0
806,24.23957338221622,48.93303072288147,1,0,1
807,25.000318111437686,52.872090570572055,1,0,1
808,25.204412189412203,52.37510343765335,1,2,0
809,24.20513160999225,54.46565219275516,0,2,0
810,26.254353317667054,48.271772656433306,0,2,0
811,25.164559540322177,49.73936448134627,1,2,0
812,24.82594483784579,61.48549325437583,1,0,1
813,27.18414254879051,61.382173401825376,1,0,1
814,25.953826885983773,50.702704352103204,0,2,0
815,25.04687314438433,52.69753469221035,1,2,0
816,24.9713467028455,54.20809992650661,1,2,1
817,23.323465760471034,47.343181551171355,1,2,0
818,25.619330402077257,52.07328117142583,1,1,0
819,23.169291803935458,48.060675643627064,1,1,1
820,26.864273345516757,57.06835837772968,1,1,0
821,25.424451255053615,46.224576713958854,0,2,0
822,28.013930133525008,46.89715774131844,1,2,0
823,23.487511044341325,56.36894263546046,1,0,1
824,22.12175346407341,46.94754384974903,1,1,1
825,25.365145936897314,53.05851039793039,0,2,1
826,28.20590930605095,56.10681632806704,0,2,0
827,24.755251538233164,49.57842542118379,1,1,0
828,24.57746808111747,45.67399721428701,1,1,1
829,29.5132288095002,54.769542241398,1,2,0
830,26.122978462679896,51.38503267796376,1,2,0
831,29.074673033781917,50.90273726879732,1,0,1
832,22.080448029849162,54.159294606051155,0,2,0
833,25.18395794091563,46.04622927721117,1,2,0
834,23.68707728863227,49.89488723620944,1,2,0
835,23.77800340471755,51.75895985405363,1,0,1
836,30.958373817313007,53.13271745061833,0,2,0
837,25.425759414197273,47.62981646798126,1,0,0
838,22.61966940810216,62.20553707895195,1,0,1
839,25.396676970947837,54.208587761554774,1,2,0
840,27.815190967364757,55.85047455393669,1,0,1
841,26.826097050639728,47.4178177486411,1,2,0
842,23.603624493248695,46.43681528969463,1,0,0
843,23.15338822068159,48.50907433259174,1,2,1
844,23.667988667530185,55.05546729361687,1,1,0
845,25.953492942540187,51.8716370370202,1,2,0
846,28.470333363836623,49.867742210440035,1,2,1
847,23.031928105009815,54.02227986917581,0,2,0
848,23.067804635464608,47.62840068342298,0,2,1
849,26.705345179099332,61.42243884363081,1,0,1
850,23.81467675360298,46.43798307549561,1,2,0
851,26.68540590770221,54.85393270548981,1,0,1
852,23.39301263175582,53.80891279032587,1,0,0
853,28.619299621148166,54.29853366495609,1,2,1
854,25.1308133773642,63.94404614643281,1,0,1
855,25.00099809709093,56.35548837622291,1,0,1
856,23.86285120499769,45.28658994512574,0,2,0
857,24.537714452631693,63.204785406413265,1,0,1
858,23.744837777652435,59.98045889244041,1,0,0
859,25.059480005528314,44.24054044447302,1,1,1
860,28.427109581830546,49.33058618465545,1,0,0
861,27.726397706315954,60.04533988033806,1,0,1
862,25.884910103137685,58.84580558748111,1,0,1
863,24.454589966658762,53.40250298231777,1,2,0
864,26.254033353637972,51.36659035972515,1,0,1
865,29.9160579740254,47.849945932123546,1,1,0
866,22.84637779762632,53.54458090429004,1,2,1
867,22.67839909495593,59.14000125508058,1,0,1
868,23.26936855611682,51.08550013360255,1,2,0
869,23.460775854592924,57.15922954500749,1,2,0
870,24.880845469561528,52.018527588164254,0,2,0
871,24.50545601218408,52.7034147070455,1,2,1
872,25.37964744584311,56.623045305953504,1,0,0
873,25.69405216357244,39.71185698725848,0,2,0
874,24.015453445708488,55.782794222615344,0,2,0
875,22.693420123497056,58.11357779823882,1,0,0
876,26.406305784011884,55.29278716668153,1,2,0
877,23.70686016438331,54.48759270639231,1,0,1
878,25.191316700509457,49.83448429787046,0,2,1
879,27.00253841813941,57.462900382255,1,1,0
880,28.211656669317975,56.793460612771796,1,1,1
881,27.424376046076496,54.338715349788856,1,2,0
882,25.926877162969955,51.98577452558926,1,2,0
883,22.542258470524484,53.680354704043594,0,2,1
884,23.45138556203321,44.357981483315136,1,2,0
885,26.278492760125722,57.77097230004342,1,1,0
886,23.913163255888094,57.05680892628294,1,0,0
887,22.091409485278735,63.12203293930047,1,0,0
888,26.37072954421622,40.614425134615814,1,2,0
889,24.20179760568317,50.3801452912666,1,2,0
890,23.95942438033179,49.24858698830753,1,2,1
891,24.491078060701373,49.31312452669854,0,2,0
892,23.634533985457317,56.6810186584526,0,2,0
893,26.600731514726803,49.790372461261676,0,2,0
894,26.41132075473152,58.6851553110052,0,2,1
895,23.43594214262236,58.95903257408689,1,1,1
896,28.48914142914016,53.26267961929868,0,2,0
897,21.488497222117978,48.486807976342355,0,2,0
898,24.22663286824111,52.61046099891719,1,0,1
899,23.926166512756023,52.21013266634219,1,2,0
900,27.314415322120926,50.51059107256269,1,2,1
901,26.878305680443574,46.36344490084977,1,0,0
902,25.778587985156868,51.73661640811809,1,2,0
903,23.79598977493251,53.71520533171327,1,2,0
904,20.544365010916174,52.26644618961338,0,1,1
905,25.386877715307747,52.119262088045694,1,0,1
906,26.829829191847633,53.23487324433887,1,2,0
907,25.6503364367954,48.16617535796983,1,2,0
908,26.519376191583337,53.78827750045212,0,2,0
909,22.42232120517351,53.822292780980824,1,2,1
910,25.591484126275063,58.27671828793798,1,2,0
911,25.871232788233332,50.9748570545376,1,0,0
912,25.090842504313347,47.8971059919745,1,1,1
913,22.231878196640356,48.029707422547595,1,2,0
914,22.852502977082093,57.91529767401791,1,2,0
915,22.44148438271137,46.32817290038037,0,2,0
916,23.54390342051215,45.661572185585065,1,2,1
917,24.391871046601423,55.02546732477236,0,2,0
918,26.90066682573312,51.23916890917341,1,2,1
919,22.804595408213583,52.13530957826885,0,1,0
920,26.271257522704563,49.81594432048511,1,1,1
921,25.87158585455783,51.83249254753126,1,2,0
922,25.048638972440493,54.90316032081133,1,2,1
923,24.5832330081819,49.47983601095349,1,0,0
924,26.230299281872643,49.6293159714864,1,2,1
925,24.532367907932294,49.91796358962329,1,1,0
926,22.233010656226366,44.819320097052824,1,2,0
927,25.226160488631233,54.98882854137186,1,2,0
928,21.97271158744867,46.51400685384328,1,2,0
929,25.31749211078888,56.22371289822963,1,0,0
930,23.47645542409531,42.35040878816868,1,1,0
931,27.687239886724388,60.100318862560215,0,2,1
932,26.176414961204713,43.63729407763229,0,2,0
933,23.051963631082515,55.27970501435799,1,0,1
934,23.87949791918541,51.130702890301734,0,2,0
935,26.93215845459436,49.20299108386084,0,2,0
936,26.011010732717224,56.578636903991864,1,1,1
937,24.50161557724079,54.25187393230099,1,2,0
938,27.285608804706467,40.90252727108226,1,2,0
939,22.463155992378113,53.08752278996113,0,2,0
940,24.083110578530036,50.53618586429596,1,2,0
941,24.277424931299663,55.24867072968667,1,0,0
942,23.1068232168588,53.30822691138606,1,2,1
943,24.657648224786943,51.85789800241363,0,2,0
944,25.125539212563282,55.09265891374467,1,2,0
945,23.3214538519275,54.54574239750747,1,2,0
946,24.097834605232592,51.35937117871995,1,1,1
947,30.64312214199437,51.8255546044293,0,2,0
948,22.51612155180195,54.209528153636654,1,0,1
949,27.08102442404265,63.39871783257814,0,2,0
950,21.864512415458574,49.6367829979107,0,2,0
951,26.022595196203564,55.27733730413953,1,2,0
952,25.474603190564448,51.49791860753761,1,2,0
953,26.13780246738478,51.02607428370458,1,1,1
954,27.765563798858384,54.61787735573757,1,1,1
955,25.109805858564613,52.49031775922421,0,2,0
956,24.59962870282791,53.95460815221332,0,2,0
957,23.8943635191802,49.71361782573117,0,2,0
958,26.885413107228132,56.11024649649528,0,2,0
959,26.813515666680825,56.036716003625855,1,0,1
960,26.379111105449088,47.963087224546705,1,1,0
961,24.63631402698446,41.26366307494807,1,2,0
962,25.354688190780628,62.717153205355444,1,2,0
963,23.107657194097158,53.027588803978425,1,1,0
964,22.5075843988841,57.628098349923064,1,0,0
965,24.959964234641266,51.181028050702544,0,2,0
966,24.15080801060922,44.48914038692781,0,2,0
967,26.339543132992926,57.94951274314847,1,1,0
968,26.303833054575026,37.9451448152214,1,2,0
969,25.746132746370737,53.22623459403877,1,2,0
970,23.80809046277873,45.696615408888,1,2,0
971,23.444182567293783,56.16487967334544,0,2,0
972,26.732389206199244,56.034773862961075,0,2,0
973,21.874624907771,53.288125717009066,1,2,0
974,26.473568914366542,48.51016614229061,1,1,0
975,26.873316439038803,50.840213726046734,0,2,0
976,26.37058589636168,44.866782646235706,0,0,1
977,22.210041665202052,56.92535797595599,1,0,1
978,22.79963416481799,46.172060276256225,1,2,0
979,26.768312227597505,52.79490928555439,0,2,0
980,29.058000512222964,40.46796396778057,0,2,0
981,26.09758939622375,57.60748864684271,0,2,0
982,24.906855015107574,56.53809264992345,0,2,0
983,29.44693109620866,57.22032327005791,0,2,0
984,24.15714925684905,55.874440456047445,1,0,1
985,26.17883148895914,53.2381797262727,1,2,1
986,20.279478247687585,52.83115748315578,1,1,0
987,25.212142325948374,44.459982278141496,1,2,1
988,26.093545905610465,45.85146341285186,0,2,0
989,25.38033777139601,48.3573966728994,1,0,1
990,24.628970216301695,50.4767788780538,1,2,0
991,26.371906615167095,57.32907187533114,0,2,0
992,20.717988085267447,47.1323981621817,0,2,0
993,24.701161022536102,54.34334920195456,1,2,0
994,23.757788420200633,63.68176859728382,0,2,0
995,26.591093924855,40.94801718869873,1,1,1
996,25.61828909933408,49.61680200154519,0,2,1
997,23.889452779770746,55.49613265172798,1,0,0
998,26.063172479731435,46.124570274563574,1,1,0
999,25.398077757987657,55.9799003996483,0,2,0
1000,24.416101199403673,57.97280596083,0,2,0
1001,22.991678420709498,42.78015830264408,1,1,1
1002,23.793523295024187,58.712212104375965,1,0,1
1003,24.426607100551415,50.94108536801397,1,2,0
1004,25.551689626561338,54.32761133029773,1,2,0
1005,27.7563250230769,54.446465755650166,0,2,1
1006,27.50546776923528,49.61912724655909,1,2,0
1007,24.53386814577057,57.9946397545834,1,0,1
1008,27.732584336475462,52.76024499507892,0,2,0
1009,24.470552368777074,46.64021922442617,0,2,0
1010,24.72897635615974,51.00132088664758,0,2,0
1011,25.111830390973747,52.07189526545088,1,1,0
1012,27.618701419513634,52.654861966386314,1,1,1
1013,21.69554970626896,51.10099844561581,0,2,1
1014,28.34259063513262,43.268778321381575,1,1,0
1015,28.08587870482259,46.80523700995848,1,0,1
1016,25.723545022360188,47.51202829221805,0,2,1
1017,26.30780486215515,51.977241804584025,0,2,0
1018,27.19876216543465,49.414606215748556,0,2,0
1019,25.058118293854598,49.696218794192184,0,2,1
1020,22.32239470032007,46.857360681343636,1,2,0
1021,25.738103357930413,52.21098624553234,1,1,0
1022,24.79187953052802,57.53955867528633,0,2,1
1023,23.092899477427718,54.30102681936019,0,2,0
1024,25.145541156105452,47.06667469733138,0,2,1
1025,26.131970838959468,51.20924566496845,1,1,0
1026,25.2756154490767,47.728205584908046,1,2,0
1027,21.350393038782684,54.10080865452392,0,2,0
1028,27.467159016513147,54.560567570185114,1,2,0
1029,27.484333262637826,55.31794588891071,1,1,1
1030,28.050452224623708,47.82607127872836,0,2,1
1031,24.378277757217706,56.95313352885308,1,0,1
1032,23.908134153984843,54.25604935795432,1,2,1
1033,23.879624953171934,54.64341472495489,1,2,1
1034,22.925363144323054,49.20446684379398,1,0,0
1035,25.500672732771655,52.56981712501792,1,2,0
1036,26.0411723956095,55.923061414246895,0,2,0
1037,23.832704965427205,48.53167075120567,1,0,0
1038,24.254266340532748,48.16583559938098,1,2,0
1039,25.954594771645127,54.19404304379182,0,2,0
1040,20.69488530546017,49.52415039563249,0,2,0
1041,28.69707066865434,56.77662668510845,1,1,1
1042,23.213754438371502,51.52778054764887,0,2,1
1043,25.844619156597425,47.74121566075104,1,2,0
1044,26.408210140886514,54.11969762654653,1,1,0
1045,28.227808538631074,49.92534035245007,1,2,0
1046,25.545111637689043,61.969815570603174,1,0,1
1047,27.84069493449622,50.88977318851112,1,2,0
1048,25.13640185333822,63.79728388518407,0,2,0
1049,23.265080984664447,49.720183077882204,1,2,0
1050,20.042755539494042,52.815096924907365,0,2,0
1051,27.954265419408543,58.68182181475303,0,2,0
1052,26.63274880864083,62.01703500916835,0,2,0
1053,27.166002386242294,54.70964781796314,1,1,1
1054,27.84526425548284,57.456341777503205,0,2,0
1055,25.54584006337425,61.25006137616434,1,0,1
1056,23.454107748684592,51.899076395403725,1,0,1
1057,26.301216329365182,47.521190804248896,1,1,1
1058,28.575742177806823,58.69856306470678,1,1,0
1059,23.232789995567273,45.564265407043806,1,2,0
1060,23.94458226749591,51.767018799619194,1,2,0
1061,25.114980226138908,54.523107778993875,1,2,0
1062,24.64039886760141,51.20042767306981,1,2,0
1063,26.78708736702253,55.99947664401869,1,1,0
1064,26.378160448601562,49.21830307055619,0,2,0
1065,25.98830019001545,49.97581472605384,1,2,1
1066,27.088115519773453,54.8846419486405,1,0,1
1067,25.835586650722238,49.055085449408146,1,1,0
1068,26.729865345433826,60.504543763144525,0,2,0
1069,27.962067663849883,59.57040908811022,0,2,1
1070,24.761009132507983,45.970337653102675,1,2,0
1071,27.10898605589409,61.08548711708094,1,0,1
1072,26.777256133335484,40.605426118844775,1,2,0
1073,24.127508221773233,51.697485424888214,0,2,0
1074,23.415270583530422,51.66466328301807,1,1,1
1075,25.489953191616507,58.01981144237278,1,0,1
1076,31.287140006961934,59.35339039334994,1,0,0
1077,25.476991968129713,45.358634866346634,1,0,1
1078,27.104599870539598,54.58317597088691,1,0,1
1079,25.583347869751947,57.79501899960164,1,0,1
1080,24.38693632449581,54.187371517899706,1,2,1
1081,24.348365385962182,56.20160056394188,1,1,1
1082,24.494390754714708,45.179935522326375,1,2,0
1083,25.36520726180076,53.15979107799713,0,2,0
1084,25.706998411571465,46.99268714123482,1,2,0
1085,25.290896778579953,60.703038978018775,1,0,1
1086,26.540964115946636,52.450738868251825,1,2,0
1087,25.09795386980399,54.85605137591925,1,2,0
1088,27.55949510496755,52.00486117235668,1,1,0
1089,23.095975371545055,54.357527641281735,1,1,0
1090,25.363296108940503,53.87697490720545,1,1,1
1091,24.4550640155392,60.509378565609666,1,0,1
1092,26.42100830216016,50.89421511503664,0,2,1
1093,27.225845697512202,55.177182191529695,1,2,0
1094,25.281680011043594,45.57774494893387,1,2,0
1095,22.89870909390401,66.01859186169014,1,0,1
1096,26.57941852613745,57.96337773793462,1,0,1
1097,25.923557100687287,64.71332312792491,1,0,1
1098,26.478942081041776,51.341106988083546,0,2,0
1099,30.622041072330774,49.217466946520815,1,2,0
1100,24.46910277158391,51.35109645095704,0,2,0
1101,25.743921897513886,53.16784219859502,1,0,1
1102,25.073465108685273,45.905339360812604,0,2,0
1103,26.589010980002964,56.244440278947536,0,2,0
1104,25.445549118528326,47.68965549405357,0,2,0
1105,22.166257182194123,47.307148568009836,1,2,1
1106,24.873873400552256,49.32997177587315,1,2,1
1107,25.58963420660314,49.947953148361215,1,2,0
1108,26.917116513458247,49.5961479546925,1,2,0
1109,21.822728040312978,51.37439893147794,1,2,0
1110,20.103510424957193,59.59613195188648,0,0,1
1111,25.99447690497569,59.843638869399676,1,0,1
1112,25.52721760767467,47.82914041514506,0,2,0
1113,26.576541335170724,55.12140877194247,1,0,1
1114,22.908788329398057,44.23351512164649,1,2,1
1115,28.60353981754069,51.2941220018553,1,2,0
1116,21.705323311941022,55.629009595432734,1,0,1
1117,26.181519182546783,48.771117419886316,1,2,0
1118,23.018241104069276,54.27441998279265,1,2,0
1119,26.218070200392287,51.64073341552565,0,2,1
1120,28.358870497147645,54.86828647937108,1,2,0
1121,23.447341641014297,50.090984685825504,1,2,1
1122,23.810979635113405,49.36308705277254,1,2,1
1123,23.95012803618203,47.7987893455396,1,2,0
1124,24.252132985351135,51.26506235171811,1,0,1
1125,28.083429538395336,54.73320459800639,1,2,1
1126,24.83836691505431,58.534960567255666,1,0,0
1127,25.063488329506225,55.78849264751356,1,0,1
1128,23.144646301913355,54.73023729203668,1,2,1
1129,22.04620203006059,54.79112643838667,1,2,0
1130,24.766003448173482,52.935324382104554,1,2,0
1131,26.96727991931601,61.25932397919922,0,2,1
1132,25.974550084691163,51.69816010946709,1,2,0
1133,27.68378359112143,58.34573165434676,0,2,0
1134,25.574092805959175,53.493713142952835,1,1,0
1135,26.885901719381202,60.58741766615133,1,1,1
1136,22.282192378366066,56.12170025957907,0,2,0
1137,28.495766907480174,43.59098618587411,1,1,0
1138,22.85801948684345,49.93518531274999,0,0,1
1139,28.04406932393976,53.25908169776584,1,2,0
1140,25.326875040515503,51.909997360576604,1,2,0
1141,23.506142482161007,51.30712137897548,1,2,0
1142,25.008235016670064,58.66670111241125,0,2,0
1143,25.907903930532534,61.07834071423235,0,2,0
1144,26.611456012354978,59.74298563934659,0,2,1
1145,24.834142596842693,55.149451453409725,1,0,1
1146,28.271676361823246,56.002361291252555,1,1,1
1147,26.934672787453273,56.77425717877939,1,0,1
1148,23.221426901577342,52.8572652183173,0,2,1
1149,23.186412447089708,44.46941769903127,0,2,0
1150,26.457345411661052,49.32863266860692,1,0,1
1151,27.48948618971614,57.49309085451499,1,0,1
1152,24.48891662287221,48.78253481590919,0,2,0
1153,27.206598516700286,55.39055045865222,1,1,1
1154,27.325759383468572,52.039997858193225,1,1,1
1155,20.826357131815982,33.66426812637127,1,2,0
1156,27.0569514270585,47.53677483568949,1,1,1
1157,21.809913675136222,53.821292247253204,0,2,0
1158,22.995253907640784,58.586091522688136,1,0,1
1159,25.657082421517796,55.6039736102455,1,0,1
1160,27.847514851659902,45.93474457002359,1,1,1
1161,26.18714294449147,54.90939993827766,1,0,1
1162,26.760770541425156,54.877036933577585,1,2,0
1163,24.278191177034472,51.96424191949669,1,0,1
1164,24.801607128588984,51.796056977571766,1,2,0
1165,28.36262795044738,44.42723646083252,1,2,1
1166,25.19794916561242,54.51101767000623,1,2,0
1167,22.500666375687615,49.012999210268504,0,2,0
1168,27.190596874077414,49.68190420546476,0,2,0
1169,26.646646668924923,50.97609040168358,1,1,0
1170,21.847871105873523,45.97016110513711,1,1,0
1171,25.637223608412953,58.416208904643256,1,2,1
1172,25.76087928466765,58.475247619095164,1,0,1
1173,23.30114506067021,51.43701664498049,0,2,0
1174,26.50723748623176,53.161396535739186,0,2,0
1175,24.28609575806777,48.71052085700429,1,2,0
1176,23.160101700417194,53.640367385795905,1,1,1
1177,24.71972448456606,47.986270628238664,1,2,0
1178,25.7283018561811,44.49813569259321,0,2,0
1179,28.972395294131342,43.85033263245391,1,1,1
1180,28.91772418719914,44.99870174689217,0,2,0
1181,22.98665793405867,54.000549727632446,0,2,0
1182,23.13744029991748,70.58199568825727,1,0,1
1183,24.450232641296363,49.23058987028472,1,2,0
1184,25.663271696822108,56.97099559663511,0,2,0
1185,23.22909813430713,49.514581707476694,1,2,0
1186,26.309653236638507,45.740000766955596,1,1,1
1187,24.397948699525063,52.64238510969871,0,2,1
1188,24.08420766425779,48.28249967575263,1,1,0
1189,22.755752092924524,48.354998044140004,0,2,0
1190,26.296550718952496,49.682589896117776,1,2,0
1191,26.210776625865282,42.02599154761323,1,0,1
1192,26.36232978002442,50.488173428714,1,2,0
1193,23.635233901953903,53.42812024668456,1,2,1
1194,23.781798056068165,50.95171846555218,1,2,0
1195,22.894258340120064,53.303496472352826,1,1,0
1196,21.239749098482964,50.62649220915711,1,2,0
1197,21.202922840081843,58.975161638050295,1,1,1
1198,26.89154375458822,51.40977900433168,0,2,0
1199,23.744600770182487,58.094342891612314,1,1,0
1200,24.52733486570356,45.51877842820741,1,1,1
1201,27.61147426465225,57.084372304994815,1,0,1
1202,23.085323148992764,51.80024226319649,0,2,0
1203,24.22930882960598,45.66216956600015,1,2,0
1204,24.88836245210623,49.42018034430349,0,2,0
1205,23.068329040286383,50.58487885553968,1,2,0
1206,25.39387878561888,53.53426365505819,1,2,0
1207,23.627318471542868,46.07094632438238,1,1,1
1208,26.45168399206234,51.91234163005409,1,2,0
1209,25.456798430078088,50.36776109715361,1,0,1
1210,26.289618534266225,51.50803416740436,0,2,1
1211,22.950194239841256,53.96736980704449,1,1,1
1212,24.58219412099903,55.120629934433246,1,0,1
1213,25.153043126289035,50.36464620501542,1,0,0
1214,23.90041714378381,58.45112654332286,1,0,1
1215,27.839859646123234,49.74747172860452,1,1,1
1216,24.652969812483637,64.39940844450254,1,1,0
1217,23.336639061150287,51.131367779323284,1,2,1
1218,24.743288657610137,49.65670032210454,1,2,0
1219,25.187777200913658,48.99001849694186,0,2,1
1220,26.62201276980483,46.68355300728932,1,1,0
1221,28.759188280255245,47.401176966884776,1,1,1
1222,21.771923711190773,55.58102977674084,0,2,1
1223,25.516211607332984,44.367752184629346,0,2,1
1224,23.883688317239123,50.888578653664595,1,2,1
1225,28.8812433822072,58.87381840744583,1,1,0
1226,22.119603857367174,53.21755080051119,1,2,0
1227,24.664786848648973,63.862392236554115,1,0,1
1228,26.46768274191493,51.07799592983074,1,2,0
1229,23.62601808642515,51.584984293400055,0,2,1
1230,20.356657890531622,56.5854726802392,1,2,1
1231,22.893764868319742,52.44871530126232,1,1,1
1232,24.50308665688132,62.57102660927207,1,0,1
1233,27.817492133398314,56.168374604715794,1,0,1
1234,23.300213689900392,49.52983207488776,1,2,0
1235,28.371204106721887,45.95477739046905,1,1,1
1236,27.235961460040425,61.21630383980383,0,2,0
1237,23.868428715055973,51.16933243916891,1,2,0
1238,22.01346475522959,47.38316304801139,0,2,0
1239,23.411333221236596,48.37766420246788,1,2,0
1240,24.037945006964005,48.924929964131785,0,2,0
1241,25.64675107157665,57.354593597552515,0,0,1
1242,24.327455912092923,50.786641250616285,1,1,0
1243,24.57027772683988,51.32950001849505,1,2,0
1244,20.962165522917136,48.9248654441333,1,2,0
1245,25.189186277582955,54.52630049916011,1,2,1
1246,24.39044127074522,60.87620568326816,1,0,1
1247,25.84132783091803,44.929373422788494,1,2,0
1248,21.278526919611007,53.349560875522066,1,1,1
1249,21.81662049781105,57.40220332126164,0,2,0
1250,25.93737149906638,60.2322673320685,1,0,0
1251,21.951904743202235,43.14485445715976,1,2,0
1252,24.05807920094908,48.35335937797498,1,2,0
1253,23.000966094954798,56.71993713331708,1,0,1
1254,20.68115062272062,52.288704930779176,1,2,0
1255,22.227908936956478,48.689629285725644,0,2,0
1256,23.477214188024384,53.066968908591186,1,2,0
1257,28.102626739601824,51.66156748921052,0,2,1
1258,25.86212903108249,44.33606194510396,1,2,0
1259,26.03446146388789,59.13220368893137,1,0,1
1260,27.377105849550205,49.63043903249739,0,2,0
1261,25.972397858628117,55.453664805079704,1,0,1
1262,27.494674137476334,47.70530924352604,1,2,1
1263,29.096251644329538,59.18898626550805,1,0,1
1264,25.37604582154987,53.30760287010792,1,2,0
1265,26.524027161891613,52.892475475308146,1,2,0
1266,26.758331791282444,52.040410217317024,1,2,0
1267,26.83806960094652,56.25135226798302,1,1,1
1268,25.635670446360983,58.59470080502744,1,0,1
1269,24.086653501637578,49.83345729292724,1,1,0
1270,25.677247464647806,59.58597869516058,0,2,0
1271,24.21870311594446,48.941738238759584,0,2,1
1272,27.861679188697202,52.34338974447954,0,2,0
1273,25.82501978488391,49.39097487753785,1,1,0
1274,23.957757562013676,55.79332581340561,0,2,0
1275,27.1266438116023,55.24804322455504,0,2,0
1276,26.000693460099342,59.59750566629074,0,2,0
1277,22.969361641524323,48.042341270837966,1,2,0
1278,23.975891690742994,55.48028199595686,0,2,1
1279,26.403999434572853,50.02985830552906,1,2,0
1280,26.99687726445665,51.87266053598425,1,2,0
1281,25.736726059683512,45.93568475801516,1,2,1
1282,26.009392314142985,51.16470530707928,1,2,0
1283,26.11171640844281,52.12267335025596,0,2,0
1284,25.126145715925848,46.65560432377244,1,2,1
1285,25.069189661623327,49.06355859300463,1,2,0
1286,26.503855652978423,56.356336864201154,1,2,0
1287,23.788122005941236,52.14946926693633,1,2,0
1288,26.43565215516431,54.70340904804793,1,2,0
1289,24.21077524036588,62.719529465524445,0,2,0
1290,23.744701236909236,50.21908080596605,1,1,1
1291,25.068634828285422,57.8873051618684,0,2,0
1292,27.477557638086893,52.11158961768487,0,2,0
1293,24.798343620402964,53.69144646580527,1,2,0
1294,22.933836449946245,55.40540959399583,0,2,0
1295,25.19946199715368,51.86040240365094,1,2,0
1296,23.995512301604244,42.608779986024324,1,1,0
1297,20.94750966656457,43.87989196216369,0,2,0
1298,26.95828578048055,53.19142128791652,1,1,1
1299,22.88659647374527,56.57081946832757,0,2,0
1300,24.757226620644367,46.71671138761696,1,2,0
1301,25.836659914672165,52.51832727455492,0,2,1
1302,27.309064507069905,51.04585318014403,1,2,0
1303,26.257309425636564,57.47995615309949,0,2,0
1304,26.2893193745565,48.99614939837347,1,0,1
1305,24.10809537012944,51.84140966209898,1,2,0
1306,24.876256354909003,54.73700871045908,1,2,0
1307,24.058872757917133,43.48222295187814,1,2,0
1308,24.198780561050686,44.92123938432005,1,2,0
1309,21.9820303932151,45.39087048672173,1,1,0
1310,25.042156528077165,59.5345650163208,0,1,0
1311,26.284792585526315,59.26737690853605,1,0,1
1312,25.121790059424956,62.21577202820817,0,2,1
1313,25.94769942901136,55.95886328831886,1,2,1
1314,25.23472275483592,46.073510307513054,0,2,0
1315,27.980834599617445,60.56369953042196,0,2,1
1316,27.7362076547899,56.87223626964506,0,2,0
1317,25.630527201170672,52.349575654724326,0,2,1
1318,28.33424469107907,60.80198574792111,0,2,0
1319,23.101304078758044,48.79396114068422,1,2,1
1320,25.210264791213493,54.696757898527494,1,1,0
1321,24.567420015692225,49.00265440461506,0,2,0
1322,24.177192134351003,49.34022508424996,1,2,1
1323,24.513766528018238,50.80244210207319,0,2,0
1324,26.3045527412697,46.2773877515747,1,1,1
1325,26.819469928420535,58.128117121468726,0,2,0
1326,24.467906357221974,49.5745563887003,0,2,0
1327,23.350313241102405,55.31809136378287,1,2,1
1328,24.63110717859828,50.324487376798814,1,2,0
1329,21.933661427464365,47.125903345801085,1,2,0
1330,24.617889092595988,49.40324831047137,1,2,0
1331,25.532975045551954,55.93195733208008,0,2,0
1332,27.27844117978567,52.66199731219353,1,2,0
1333,27.97387104832523,40.285840708830506,1,1,0
1334,25.7501340373837,50.61309637265274,1,1,1
1335,22.025188777763177,57.55695122766462,0,2,0
1336,25.719299789005603,47.73756360542624,0,2,1
1337,24.751846940867555,52.02528494465672,1,1,1
1338,24.88311583471982,61.969482993731816,1,0,1
1339,25.779341812247758,47.275434833980995,0,0,1
1340,25.454106652398586,47.642278033307704,1,2,0
1341,23.48058461822547,44.39426698919357,1,2,0
1342,19.616764868671375,48.109867936387396,1,2,0
1343,24.87187280376149,57.1469196810326,0,2,0
1344,26.6776171779141,55.30304017384049,1,1,1
1345,21.890900426161434,52.00263902468137,1,2,0
1346,25.515210710678517,59.59749313982382,0,2,0
1347,24.799568055505816,48.98565203635047,1,2,0
1348,25.157823751314197,52.72486623787969,1,2,0
1349,24.291597962103452,47.08301863663966,1,2,0
1350,22.788702324769986,53.72362168230845,0,2,0
1351,24.771695693146494,54.94427413361977,0,2,0
1352,24.127359628038306,46.36471596565233,1,2,0
1353,22.87077206835314,44.87212737069935,1,2,0
1354,23.762339310723743,57.75915751751101,1,2,0
1355,24.20747910138685,49.479988563518056,1,2,0
1356,31.665470161229276,58.655820161936674,0,1,1
1357,24.71231442808026,53.63781955559547,1,2,0
1358,25.07760439873331,61.055941087811966,1,0,1
1359,27.083026608587947,53.6353422144118,1,2,0
1360,23.5590280035481,50.42015772776412,1,0,1
1361,28.889804846121873,56.49571522826155,0,0,1
1362,27.241162119290607,54.5496574834093,1,2,0
1363,24.315817343922006,48.34514922539756,1,2,0
1364,26.664176834822896,59.82325423758515,1,0,1
1365,24.78206135890835,52.72942547205251,0,2,0
1366,28.382926225278467,56.65139661932605,1,1,0
1367,27.126419736016423,54.46934770990724,0,2,0
1368,27.334583439322895,57.76280779429539,1,1,1
1369,27.24275682674859,58.61088669587077,1,2,0
1370,23.356617855258428,50.08451438903164,1,1,1
1371,26.904637281179543,50.21159490008479,0,2,1
1372,22.856959553208934,54.967768233293256,1,1,0
1373,24.61744886729495,54.36519528851171,0,2,0
1374,23.812906661964167,53.548879465492135,1,2,0
1375,21.21514853410945,50.891095830462014,0,2,0
1376,23.62712164811702,48.303110446244574,1,2,0
1377,29.445541250825105,59.370488910183155,1,1,0
1378,24.911666811025146,54.373575446326214,1,0,1
1379,19.721567535520187,55.358679255888376,1,0,1
1380,24.769881335617374,52.180899259893785,1,1,0
1381,25.685218603334175,52.348492884004735,1,2,1
1382,25.310835972139955,58.49304946434111,0,2,0
1383,24.74633019735809,54.232987602600055,1,2,0
1384,24.37743448258468,45.43281650826146,1,1,0
1385,22.282368606368003,55.949920441870255,0,2,0
1386,24.0469909633011,48.441940829121734,0,2,0
1387,24.73724089485756,52.76910536732122,0,2,0
1388,25.435534340060286,49.375367226574284,1,2,0
1389,24.456655786512144,54.43529660954087,0,2,0
1390,24.732750525804427,47.34425747558252,1,0,1
1391,25.540632314162384,53.42817564258452,1,2,0
1392,22.756535331825205,56.682167099403785,1,0,0
1393,23.979662148665778,55.55532086136835,0,2,1
1394,24.380364552613603,56.02172210394052,1,0,1
1395,24.963261329090592,39.92196846564205,1,1,0
1396,21.334050264382356,53.530792763314736,1,2,0
1397,23.116508095117172,54.00971091729817,0,2,0
1398,26.208579910883614,58.19754110155144,0,2,0
1399,27.977054467529168,55.47328861720112,0,2,0
1400,23.47012032750939,57.631074091043054,1,0,1
1401,24.599525744436455,53.222367859742285,1,2,0
1402,24.92964185754599,51.877322801744256,0,1,1
1403,22.97054534669848,53.22008191748292,1,2,0
1404,25.99064522203118,50.22669813309358,1,2,0
1405,22.634035471408097,40.64502082169567,1,1,1
1406,26.716521698710977,56.324974132759365,1,0,1
1407,29.787602126953807,52.66803262172829,0,2,0
1408,22.828195180698327,56.24727377729874,1,0,1
1409,26.394178735944394,52.67905889265707,1,0,1
1410,24.887694994730726,47.04378168976102,1,2,0
1411,23.492680396627772,58.24834866560099,0,2,0
1412,23.0809450643197,54.06627278855557,0,2,0
1413,23.863449320498738,50.168152151760324,1,2,1
1414,26.947002946160563,49.68792462822076,1,0,1
1415,20.582574240611795,44.47405328029786,1,2,0
1416,25.582488396585568,57.096070271323704,1,0,1
1417,22.464620329214135,61.315914845696724,1,0,1
1418,26.45227186284824,54.9452467002881,1,1,1
1419,23.402226301918475,54.99470981187124,1,1,0
1420,27.59576145371268,56.4846252418246,1,0,1
1421,24.816520689111353,47.229351744080944,1,2,0
1422,27.90954153948848,52.542250376570344,1,2,0
1423,25.97619867703203,53.78755199712636,1,2,0
1424,24.519685749583434,54.213124954731704,0,2,0
1425,24.27103055817637,51.94200560633806,0,2,1
1426,21.668726079063976,53.9205856178058,1,0,0
1427,26.475645589404472,56.68205517041752,0,2,0
1428,28.385807141953396,58.54615678198351,1,1,1
1429,20.41081754200919,49.84655631770024,1,1,0
1430,25.520861514958554,49.04462190924008,1,1,1
1431,23.982227225621138,51.21936857169579,0,2,0
1432,23.499310327241353,40.92852423475199,1,2,0
1433,25.905759759706537,50.709865479918186,1,2,0
1434,24.147865354185754,50.58114254459979,1,1,1
1435,25.149886841027918,52.769941468137546,0,2,0
1436,23.29118147890081,50.85599876080034,0,2,0
1437,26.321451819385764,50.593452482184354,0,2,1
1438,25.031518202844754,51.288662759624486,0,2,0
1439,24.951289010965127,55.09933485425161,1,0,1
1440,25.213991192958197,46.865781085541855,0,2,0
1441,25.354516341040195,50.07847947117014,1,2,0
1442,21.25012800333583,59.752825662468545,1,0,1
1443,26.53246980331866,47.68424026485506,0,2,0
1444,23.295346646969378,54.570899126672394,0,2,0
1445,25.436816109521544,58.73946719371588,1,2,0
1446,27.18059142648819,46.37410368892037,1,0,0
1447,26.64725344787466,57.93805377304142,1,0,1
1448,27.964187605048632,42.76090521275888,1,1,1
1449,24.5547848418741,47.889009143884714,1,2,0
1450,24.962963249268718,62.00364958868242,1,2,0
1451,25.866787618672486,60.06479766469988,1,0,1
1452,24.006495532870176,51.42968946795942,1,2,1
1453,24.780963800549525,59.2273849765069,1,0,1
1454,26.62766527652938,54.408221216203046,1,1,0
1455,22.767872945670213,49.573763664555834,1,2,1
1456,23.88517252522672,49.3776141409749,1,1,1
1457,24.68499211158085,47.31807103712203,1,2,0
1458,26.804259490440725,63.18013442977188,1,0,1
1459,25.53508121599498,58.44097441001013,0,2,1
1460,24.84635094526019,55.45619793803913,0,0,1
1461,22.183859472796076,63.56899130690732,1,0,1
1462,20.996226745201405,56.1869443273308,0,2,0
1463,21.067974420559004,47.38317706198871,1,1,1
1464,21.99130106261383,56.710530256217346,0,2,1
1465,21.719337401338343,52.2424784478766,0,2,0
1466,23.029589002670875,53.309366264331516,1,2,0
1467,24.50604505967395,52.9908101677582,1,2,0
1468,24.165748690567007,54.41021343366484,1,0,1
1469,25.608108561389844,52.53024146609153,0,2,1
1470,20.279894302587284,46.07970298353144,1,2,0
1471,24.344079481869684,58.08140937248355,0,2,0
1472,27.73280677669329,59.85193508789534,0,2,0
1473,24.04617691239728,50.563204824625686,0,2,0
1474,20.101866799795403,55.53038259158136,0,2,1
1475,22.712643715203775,52.03451953119164,1,2,0
1476,26.976044653636542,55.29797377327474,0,2,0
1477,22.574848723322305,53.97648140461398,0,2,0
1478,21.138232761731334,59.91218451017562,1,0,1
1479,26.320147187809823,47.69969901235887,1,0,1
1480,26.961153775788677,50.085382400597524,1,2,0
1481,23.073132205397872,57.42062592333683,0,1,1
1482,24.33791867390072,47.91680295076287,1,1,1
1483,25.737228893040445,45.07214286791835,1,1,0
1484,27.940770489908754,47.042703750606,1,2,1
1485,27.255929056456594,56.43604811073012,0,2,0
1486,25.209436106596762,55.251577188504776,1,0,1
1487,23.288586827733464,50.51316452364542,1,1,1
1488,26.80167608330889,54.77863512421933,1,1,1
1489,24.263487280417543,48.327547424427884,0,2,0
1490,26.176353158083106,50.54352845761068,1,0,1
1491,23.581575483063528,59.467664397039485,1,0,1
1492,26.368155266142338,47.24763841914498,0,2,1
1493,22.996819379653967,54.272192793828914,0,2,0
1494,27.082321252054623,49.81303309169222,1,2,0
1495,26.820260415758835,41.7041691125017,0,2,0
1496,26.982964386696445,44.04164576897446,1,1,1
1497,22.98633326939038,50.743737998780176,1,2,0
1498,26.01329496671099,51.91685343565301,1,1,1
1499,27.35792522044168,57.91666416248585,1,0,1
1500,23.259395206350714,50.61210372331402,1,1,0
1501,25.21152609787016,47.18009922330039,1,0,1
1502,25.606206270263723,55.551307742206745,1,0,1
1503,28.17267181470167,46.436879431964954,1,1,0
1504,23.280914246199274,55.789135989224256,1,0,1
1505,23.077920100585352,56.74891776816837,1,1,1
1506,26.699812293281013,51.660037694270244,1,1,0
1507,24.572336584896295,43.624484356402476,1,2,0
1508,26.39054343245273,50.29283721651648,0,2,0
1509,28.821158786119046,56.616622842126056,1,0,1
1510,23.185769836543006,41.7704015084769,1,0,1
1511,26.558873935343335,43.39822098104901,1,2,0
1512,27.391783394805838,53.65514676092966,0,2,0
1513,25.0572706493526,55.48126694246751,0,2,0
1514,29.12179412013966,53.140599571353505,1,2,1
1515,29.223346846003285,56.08379884324138,1,0,1
1516,27.606493889017802,52.72049651144247,1,1,0
1517,27.899845063688264,53.7098702636898,1,2,0
1518,26.03746597512467,50.74646748063412,0,2,0
1519,22.93985420954958,48.21835959182047,1,2,0
1520,24.768691365762376,57.74423032736263,0,2,1
1521,20.766019597349576,49.98164348219467,0,2,0
1522,23.54341013495401,42.90183721472086,1,2,1
1523,23.14925200849705,52.982575503421145,0,2,0
1524,22.862106617992456,52.43475173041668,1,2,0
1525,29.327471134345704,58.39911815264934,0,2,0
1526,28.188700672933507,60.82360402651127,1,1,0
1527,26.208611548179533,48.474827993757906,0,2,0
1528,30.056690585849136,51.07956783761803,0,2,0
1529,24.84068559330644,64.45021485937652,0,2,0
1530,26.377649854883146,51.77344664397069,1,0,1
1531,27.756780075045242,52.11279808033378,1,2,1
1532,25.475200277362283,51.401008622352144,0,2,0
1533,22.576239113563126,47.37555127002583,1,1,1
1534,27.218147044641462,50.4670348862052,1,2,0
1535,24.732530098745226,50.95338660512997,1,0,1
1536,22.89877828215814,56.48982409631407,0,2,0
1537,23.673156785261373,48.55758007163154,0,2,0
1538,23.451342112256945,48.4206922085521,1,2,0
1539,23.789903628604065,55.97563626954447,1,2,1
1540,22.23879644001995,49.55058112326493,1,2,0
1541,25.89786383339916,37.40640449683641,1,2,0
1542,23.660358124179837,49.003372618863835,1,2,1
1543,26.905095286911575,47.11560269302727,1,0,0
1544,26.162252716606233,53.31977801559588,1,0,0
1545,27.529606031275257,57.54943631438379,1,1,1
1546,27.046112734302813,59.71282591174722,1,1,1
1547,26.723450540639792,53.779439928458025,1,0,1
1548,21.919742422306555,46.89694236648947,1,2,0
1549,23.94233037152727,48.575785356981534,0,2,0
1550,25.20976957345256,43.80956438207177,1,2,0
1551,28.267798728458583,50.502716721254735,1,1,0
1552,27.511374137093554,55.27546463649257,0,2,0
1553,26.58739485983442,49.501791857438846,1,2,1
1554,21.74528140085756,53.09131316994829,1,1,0
1555,24.899961463345292,55.75793602823599,1,0,1
1556,23.537972607061082,50.93877368844875,1,2,0
1557,24.645452235394853,49.7039064404235,1,2,0
1558,23.84823217344929,60.04308910615261,1,2,1
1559,26.33769183281125,48.703173056288,0,2,0
1560,23.855610257786584,53.59039385912159,1,2,0
1561,25.577077804233387,47.71631274557192,1,2,0
1562,27.67989934036363,47.01500915477662,1,2,0
1563,24.232184673063827,50.03056377957665,1,1,1
1564,23.216305316871853,60.51656052498939,1,1,1
1565,26.299494624630572,49.82477173264502,1,1,1
1566,22.644435498761904,54.52119750987401,0,2,1
1567,26.52741837585203,50.0988043755859,1,1,1
1568,25.465739103722377,46.77847324298562,1,2,0
1569,26.982755307622742,49.19050640073388,1,1,1
1570,25.621115518398298,38.19636348672266,0,2,1
1571,27.2453789894497,50.49801986156172,0,2,0
1572,30.023167987821154,48.84460290187587,0,2,0
1573,25.64233980950636,42.56399166795683,1,2,0
1574,25.606301958071732,57.97612803419507,0,2,1
1575,25.972809893861353,50.44412530040571,1,2,1
1576,23.68826027130677,51.00350746620147,1,2,1
1577,24.88194803167948,49.75185359679188,0,2,0
1578,24.808500505755706,55.49155961214639,0,2,1
1579,23.41660933341627,45.74788922613587,1,2,0
1580,25.40638597537183,53.272065078843895,1,1,1
1581,27.70412530559297,47.43093890468234,1,0,1
1582,26.71814449957215,53.52048670004392,1,1,0
1583,23.734487950474392,54.42709984723157,1,2,0
1584,30.26948632641855,46.891555233441196,0,2,0
1585,26.60909316537728,51.03470043579707,1,2,0
1586,26.083604084896738,48.84831647738777,1,1,1
1587,23.86980607242762,47.540938840964955,1,2,0
1588,22.973132614279315,49.60018082579303,1,2,0
1589,24.07048238234137,50.47140784609019,0,2,1
1590,25.698521485888094,41.49258926924378,1,2,1
1591,26.011909231416602,51.12000653415271,1,1,1
1592,28.097913092863084,56.04853260088497,0,2,0
1593,26.09314718372348,59.36036855582719,1,0,0
1594,27.253974126799218,66.9825942257907,1,1,1
1595,27.411750082185634,50.61973335813915,1,0,1
1596,25.96307913707775,53.72840435160958,1,2,0
1597,29.07870205992091,52.32790616922465,1,2,0
1598,25.034489642131938,61.91087563565117,0,2,0
1599,31.145743861135355,53.07012912152918,1,2,0
1600,24.62179428373108,44.36909780366428,0,2,0
1601,25.601129763988126,42.429018139763805,1,2,0
1602,26.043225998360526,57.23584816587238,1,1,0
1603,25.640302094315697,60.4097197635001,1,0,0
1604,25.034096892380933,53.509588777958726,1,2,1
1605,26.807757886049156,52.61384365885117,0,2,0
1606,27.513028645720325,50.96336497206195,0,2,0
1607,22.01697496981035,46.196091418501496,1,2,0
1608,27.14484653029118,48.95513767626016,1,0,1
1609,23.971285430373143,42.16539532782124,1,1,1
1610,25.808127635222814,56.16103462354681,1,0,1
1611,24.97122425134483,56.74475173984253,1,0,0
1612,27.518192227660712,56.64643174157741,1,1,1
1613,21.57079233464143,53.008494006501714,1,2,0
1614,24.706347242014463,66.34526493914956,1,0,1
1615,26.09317105320872,47.49201295441025,0,2,0
1616,25.25419999349714,50.41564371108115,1,2,0
1617,27.19228424516735,53.64040163202667,0,2,0
1618,26.72184411015665,53.82013012653769,1,0,1
1619,24.153483539319453,55.203907179820796,0,2,1
1620,26.950086985988996,49.740754771911185,1,0,1
1621,25.79520060453638,56.445831236360576,1,0,1
1622,20.921665345068554,59.898955726551655,1,0,1
1623,22.238327813142277,55.642532332457996,1,0,0
1624,24.90442520640757,46.985185970032546,0,2,0
1625,22.88926458769535,57.38837615956297,1,0,1
1626,25.16091508105009,50.31217385669461,0,2,1
1627,22.852501784994242,62.62947791062657,1,2,0
1628,25.94221741290534,53.717583214143836,1,0,1
1629,23.06962766416461,53.24931930139481,1,2,0
1630,25.843495920319498,57.166726065087175,1,0,1
1631,22.605576254207,53.7127234640354,1,2,1
1632,22.66460890872595,44.35563134749492,1,2,1
1633,24.59023005432558,48.582561221611044,1,2,0
1634,24.474894371163096,52.52541175338237,1,1,0
1635,25.73702323834541,54.03890160507433,1,1,0
1636,23.996394815665916,53.38562236704282,0,2,0
1637,24.88361689687139,51.68943636505981,0,2,0
1638,26.18039912305144,47.66112608997105,1,2,0
1639,27.169555667821083,49.67572475250138,1,2,0
1640,27.9851832763601,48.16924652209615,0,2,0
1641,25.469723930749105,54.474854333332054,1,0,0
1642,23.703947862376427,59.04752009639183,1,0,1
1643,21.6103299853199,54.70358528628114,0,2,1
1644,26.78580036069485,53.55163040337445,1,1,1
1645,25.039879995752617,60.62772420135626,1,0,1
1646,23.228370248743428,49.6536899518939,0,2,0
1647,23.32354305882203,47.25298308528471,1,2,0
1648,29.495381113447014,50.0289107119998,1,2,1
1649,23.49598705022559,50.5001344821969,1,2,1
1650,26.458176349843498,50.737471701110756,1,0,0
1651,25.66401665208993,49.65308310392662,0,2,0
1652,22.408717866228912,56.46679465018697,1,0,1
1653,25.120302488746006,49.21232348919265,1,2,0
1654,25.37294024447216,44.59028680685334,0,2,1
1655,21.448500335188125,48.35944442625796,0,2,0
1656,24.656960854396477,53.18466125127924,1,2,0
1657,26.046801063344244,52.247754256356934,1,0,1
1658,25.02710505506668,48.22306045944145,1,2,0
1659,27.223164197768522,52.386217556249406,1,2,0
1660,23.56512045735995,56.24801307204918,1,1,0
1661,23.688882876269883,48.46219722595343,1,1,1
1662,27.294768363104144,46.96732005682713,1,2,0
1663,23.568679656118434,64.27584145728162,0,1,1
1664,23.699328283152635,58.58375507443624,1,0,1
1665,24.848608892552612,44.96022292723708,1,2,0
1666,22.57412087437626,66.77364090496263,1,0,1
1667,24.29702534199854,58.77771384561579,1,2,0
1668,24.253172075440794,66.6323694978934,0,2,1
1669,24.15206129475961,56.230001756903754,1,0,0
1670,23.941432329460454,46.679152067151726,1,2,0
1671,23.010137620267614,57.987847014742684,1,0,1
1672,26.032423323688686,56.86785335023594,1,1,1
1673,25.184917883651547,53.74655139438137,1,2,0
1674,25.526193630494227,55.09142945466664,1,0,0
1675,24.722497048315198,58.2656183697001,1,0,1
1676,24.774071224205592,60.665298547434816,1,2,0
1677,24.020062302882533,51.06941441068994,1,1,0
1678,25.401947153138302,52.55974420889549,1,2,0
1679,25.084032007622838,55.78797551163785,0,2,0
1680,25.83749955951609,50.39381512888123,1,2,1
1681,27.683605635191842,45.37659341298642,1,2,0
1682,26.62380838212438,40.436169706659115,0,2,0
1683,27.682462652796712,48.323059761996795,1,1,1
1684,25.105736044271637,53.82179158558888,1,1,0
1685,26.54055639316752,46.19063147302737,1,1,1
1686,25.030529425561287,55.02462667983366,1,1,1
1687,25.14783705555927,54.58654883319184,1,2,0
1688,26.258520099764038,47.5486601494784,1,1,1
1689,22.734302138767664,52.79805731269463,0,2,0
1690,25.557007444603954,48.271757416212544,0,2,0
1691,27.09393865060715,51.1337996671922,0,2,0
1692,25.64091092160995,47.65375921035925,1,2,1
1693,29.607619063313084,52.315708339428156,0,2,0
1694,26.5475551252083,48.633555456520845,1,1,1
1695,23.498535135996196,50.867249103108094,0,2,0
1696,25.87105941679548,53.62075350677151,0,2,0
1697,26.320403496703598,48.78063024421654,1,2,0
1698,28.699082933438987,53.951370251399474,0,2,0
1699,26.500383462880897,50.37401827431741,0,2,0
1700,23.53441459989921,49.95696205104226,0,2,0
1701,26.445704533264422,46.808256647269076,1,2,0
1702,26.250889497732715,53.0908945353272,1,1,0
1703,21.039935735397666,47.50352749233581,1,2,0
1704,24.02663089627023,44.98483147240042,0,2,0
1705,23.074623010405297,41.835809690808816,1,2,0
1706,19.936440326302264,53.32456999961521,1,0,1
1707,24.39034825756664,43.618156152586806,1,1,1
1708,30.86858669759212,51.71438722593856,1,1,0
1709,23.905685599547372,56.13274123384794,1,1,0
1710,25.6081154323728,53.68805546414026,1,2,0
1711,23.69029558872557,43.50034756171246,0,2,0
1712,25.32653731187709,44.38197645807773,0,2,0
1713,24.710618148438556,48.582682823905664,1,2,1
1714,22.111153394626697,55.68641863417948,0,2,0
1715,27.930111615249395,45.78468873063683,1,2,1
1716,25.41065918229084,40.12592042755319,1,0,1
1717,24.78971857036474,54.228293804106926,1,2,0
1718,23.397547248266672,51.30845541418804,1,1,0
1719,25.281161307024732,51.261473335948196,1,2,0
1720,24.948052836033117,57.88604219013034,1,0,1
1721,26.45634498411525,56.656518082795365,1,0,0
1722,23.748635518526054,52.64927241683365,0,2,0
1723,23.78963762365455,52.02826790680349,0,2,0
1724,24.39142242660403,45.43277885113454,0,2,0
1725,22.274867658644546,55.04672329270295,1,0,1
1726,26.579382685035792,50.12644704061575,0,2,0
1727,24.04582700204364,53.10622126467365,0,0,1
1728,23.242830015361854,50.27175078252379,1,2,0
1729,23.435209506217888,50.85941595218143,0,2,0
1730,25.49600573742658,55.2101112772062,1,0,1
1731,23.20419017786223,54.46525067528079,1,2,0
1732,25.55684784914906,54.86517561270978,1,2,0
1733,28.85903495289295,54.748113241381205,1,1,1
1734,23.61231180298661,61.925110646166864,1,0,1
1735,24.085800232095508,49.849265673465126,1,2,0
1736,26.55027614688712,54.346371308086965,1,1,0
1737,27.708738856636952,55.026028749923334,1,0,1
1738,23.037311124076403,44.507437668044844,0,2,0
1739,25.037067590783963,47.543619769428155,1,2,1
1740,24.168066754598946,53.92317562310287,1,1,1
1741,24.903572272472047,50.68318589591477,1,2,0
1742,26.74512666969312,50.439267291176826,1,2,1
1743,21.48107830550133,55.81773193099872,1,1,1
1744,24.115920858479384,53.45467597458951,1,2,1
1745,24.346479503143723,51.86854237388252,1,2,1
1746,25.951387480727128,61.95575754148173,1,1,1
1747,25.852702498549014,53.79019661117096,1,2,1
1748,29.07836010585402,54.463171154365256,1,2,0
1749,28.48921837440288,45.2245929015748,0,2,0
1750,23.699425931717386,52.80842539488215,1,2,1
1751,23.40318780842925,51.34652364438631,1,1,1
1752,24.831894435880535,47.983028104464594,1,2,1
1753,24.931671464628803,52.240308669952036,1,2,0
1754,24.424635770233937,40.75318651971111,1,1,1
1755,21.988929864357573,52.16314103498009,1,2,0
1756,25.037784313815642,53.73570141602365,1,1,0
1757,23.381301203471914,58.489601421716074,1,0,1
1758,25.232548178195092,44.20827394965555,1,2,0
1759,27.470458694682012,64.19861258246817,1,1,0
1760,25.561946018408825,51.99563320305391,0,2,0
1761,30.38848232394197,57.9736235463837,1,1,1
1762,25.7844419310338,48.758350877931136,1,2,0
1763,25.856159246108238,52.002593464509964,0,2,0
1764,23.04091819645321,59.198071989916926,1,1,1
1765,25.855876430532028,61.03986310478192,0,2,0
1766,27.28080810143439,54.56441325769814,1,2,0
1767,20.473784986941386,43.86249955178839,0,2,0
1768,25.038191015191092,53.9575508048261,0,2,1
1769,25.566451997272246,48.79215352037162,1,2,0
1770,23.42634210728636,53.61826528092283,1,1,0
1771,26.733276383272997,53.099185654781955,1,2,0
1772,23.209607286067865,55.94795163150029,1,0,1
1773,26.547419827127463,55.88461118165491,0,2,0
1774,23.75227487466033,50.484974701284756,1,2,1
1775,24.407174067190056,58.71362063507987,1,0,1
1776,27.453699961952413,55.34555237968102,1,0,0
1777,26.173443170746246,59.07452172806216,0,2,0
1778,22.59165654344124,54.177708311554625,1,2,0
1779,24.550382898676617,51.33464920272892,0,2,0
1780,22.090506849589744,52.431661991479025,1,1,1
1781,25.912233650116317,49.508311752148366,1,2,0
1782,25.39590708034559,48.07656055528756,0,2,0
1783,25.17906138256889,60.93212784602329,1,0,1
1784,20.624677658940882,53.23799057222037,1,2,0
1785,26.538372752663264,50.80071022856213,1,2,0
1786,20.427658883231075,52.089891393524184,1,2,0
1787,22.79481874763929,48.883820769284675,1,2,0
1788,26.483832476756785,56.49110546659939,1,0,1
1789,21.423760155786,44.193610746580354,1,0,1
1790,25.828216073448466,64.59547203092015,1,0,1
1791,22.38362893920385,53.031631292627296,0,2,0
1792,26.573926264546525,60.059270834501056,0,2,0
1793,26.036301498695234,51.35461176963967,0,2,0
1794,23.77469133456679,56.853911811177554,1,0,0
1795,24.971094062870723,52.49263873759508,1,2,0
1796,29.431313297641587,47.842181547407016,1,1,0
1797,24.46836787346415,56.55064447487781,1,0,1
1798,27.411729470685636,56.397806063518665,1,1,1
1799,23.234457138348613,53.93513153556252,0,2,0
1800,23.869113547756008,59.79305540694931,1,0,1
1801,26.759801573165277,52.79215651283042,1,2,0
1802,25.698177383796413,47.55014506543603,0,2,0
1803,25.219327730570615,48.96581635474919,0,2,0
1804,22.040267653687014,49.84011043021803,0,2,0
1805,23.941348653321494,63.037663784909746,0,2,0
1806,23.956260766140307,59.79657590280368,1,0,1
1807,25.274389434840142,51.912866603883884,1,2,1
1808,24.40232101305634,56.856063915433964,1,0,1
1809,25.927061573282597,52.622956115321784,1,1,1
1810,25.39776385974142,53.355681052439444,1,2,1
1811,26.868685084453777,52.13691316406907,1,2,0
1812,24.230166556701906,49.59728164664038,1,2,0
1813,25.02538644873558,50.67129963422983,1,2,0
1814,23.85270572447403,51.44126044863113,0,2,0
1815,26.81667816213075,45.04506023076288,0,2,1
1816,27.586482796181016,52.41700949670432,1,0,1
1817,24.926638230107546,51.061900540589576,1,2,0
1818,27.08605227523366,48.025829695844315,1,1,1
1819,27.402386935411208,53.74718844674233,0,2,1
1820,24.525100713969096,65.24899960525795,1,0,1
1821,22.455138070556156,43.868411771451086,1,0,1
1822,24.77282705544017,51.412189126927075,0,2,0
1823,26.31127495179404,51.10279398935047,1,1,1
1824,25.760836976705917,49.931440359160575,1,2,1
1825,24.089530338928718,58.21798388593531,1,0,1
1826,23.27365743521849,57.70949549934418,1,0,1
1827,20.43586578583586,54.44114146144442,0,0,0
1828,27.799271567575843,51.980026775536096,1,1,1
1829,23.454643394076875,52.45800256598346,1,2,1
1830,25.32753653949467,51.59687774088647,1,1,0
1831,24.187564667179227,55.736591108823355,1,0,1
1832,24.76566746000336,52.230176189226604,0,2,0
1833,24.400430959675695,46.61849611774911,1,0,0
1834,21.56693667600937,52.523064185366835,1,2,0
1835,24.49079820323908,44.966085236933736,1,2,0
1836,26.713626797778893,55.09681995937791,0,2,0
1837,24.689568710849052,57.502853000681526,0,2,0
1838,23.344901317400254,57.761296422419015,0,2,0
1839,25.065065263196455,55.46763192279859,1,0,1
1840,22.83641409390372,50.69813972082786,1,0,1
1841,30.204993250510082,53.08886688128906,1,2,0
1842,24.431594187639735,53.99299086647133,1,2,0
1843,28.375858466955776,47.77847266923475,1,0,1
1844,24.324007211226505,62.693808157289766,0,2,0
1845,23.78687416224313,54.09617528866359,1,2,0
1846,24.725120429133757,48.03667950610771,1,2,1
1847,26.85874844957334,55.361946778308216,1,1,0
1848,26.650128288493754,52.533137792994594,0,2,1
1849,26.40437739808188,47.28884651610987,0,2,0
1850,22.80586215865815,50.3885738009933,1,2,0
1851,26.43429978613133,53.27336903780191,1,2,0
1852,25.111900160180124,49.515172386573106,1,0,1
1853,28.520587360493675,57.800642500727555,1,1,0
1854,27.317249993576528,59.472826473795536,1,1,1
1855,26.763681787565336,42.521549462628585,1,2,0
1856,23.98749381460697,51.32115943137016,0,2,0
1857,24.308989462806892,56.15553250351997,1,1,1
1858,24.62728502522651,52.50023684742355,1,2,1
1859,21.864240725809772,61.459368224319356,1,1,0
1860,23.26894491339574,53.019003026774925,0,2,0
1861,25.010672325264977,48.333008321744096,1,2,0
1862,28.82755504246256,48.26205087041175,1,0,1
1863,21.53958401411103,57.423850224289694,1,1,1
1864,29.203245241878985,53.821197725669286,0,2,0
1865,21.248196404170606,52.35092730223123,1,2,0
1866,23.698445600065757,51.59155381045339,0,2,0
1867,25.708701402290295,45.954958128282364,1,2,1
1868,25.06045766436452,51.54834205524939,1,0,1
1869,27.894346019535696,58.134531584611146,1,0,1
1870,29.00419145782759,44.94659252028109,0,1,1
1871,24.571502966751837,50.30731351296888,0,2,0
1872,23.19541217523206,52.35890755184828,1,2,0
1873,23.973166794522957,40.63969202894035,1,0,0
1874,28.02424747270487,54.717120620472926,1,1,1
1875,25.713122942878595,55.28372924308783,1,2,0
1876,26.306637702391996,51.84142377200394,0,2,0
1877,26.68040076209678,46.075117220426364,1,0,1
1878,20.858332532903447,49.06844458472981,1,0,1
1879,22.402282065767544,55.732878655560576,0,0,1
1880,24.034063664188704,46.24338850794189,1,2,0
1881,23.012161729414682,46.855061305813734,1,2,0
1882,24.16291740411627,46.896886691544296,1,1,1
1883,25.97153826691419,51.5843500099989,0,2,0
1884,25.833584965475794,56.61401533417243,1,0,1
1885,22.347088117064065,46.09854020878174,1,1,1
1886,26.44219339238262,56.4379190658354,1,1,0
1887,25.39770720448598,54.793914197510276,1,2,0
1888,26.878940670822182,58.78040000413771,1,0,1
1889,27.461405388678667,57.3893760813596,1,0,1
1890,22.928680609438434,49.497305611979634,1,2,0
1891,25.69605855083141,49.5898780641922,1,2,0
1892,26.8401619140609,60.76162405329161,1,1,0
1893,22.27919683095137,55.351750483119176,1,2,0
1894,24.283575803185325,46.57357247239529,1,2,0
1895,22.75448386743947,58.53142612953224,1,0,1
1896,24.65614042210469,52.54584410457647,1,2,0
1897,24.618351137174525,50.980984068053104,0,2,0
1898,24.259577055098987,50.278327395376785,0,2,0
1899,21.6876041334437,44.48209219323105,1,1,1
1900,24.22423255944786,57.449574301917536,0,2,0
1901,23.924613979554675,57.27264233376023,1,0,1
1902,22.633313589395218,45.72781863894998,1,2,0
1903,21.706194204499884,60.36930366007913,0,2,0
1904,23.696494446855198,49.72641819608545,1,2,0
1905,23.556110514689184,56.77159441012135,0,2,0
1906,27.120112101724622,48.95282867873667,1,2,0
1907,24.53746066539153,59.788553769071505,1,2,1
1908,27.54221299457877,57.27096842357226,1,1,1
1909,24.00613955172582,47.13329632629069,0,2,0
1910,22.38456604184349,53.85689637617848,0,1,0
1911,25.35503368931123,50.254337427540044,1,2,1
1912,25.286723874652314,56.398804190017145,1,0,0
1913,28.303116222937142,51.38259573964132,1,0,0
1914,30.38071110759235,58.571193096344004,0,2,1
1915,28.21516642149567,51.41902210046146,1,2,0
1916,24.27421450433195,53.438491344398166,1,1,0
1917,23.135711275405335,60.136265734730316,1,0,1
1918,26.57733272750201,49.63236977583172,1,2,0
1919,24.149018886291127,58.68418179038528,1,2,0
1920,24.270721608698217,48.812522604365206,0,2,1
1921,25.502946668846747,53.98305473301642,1,2,0
1922,23.683425550523854,54.964236518400234,1,2,0
1923,23.15400646121315,50.74913057364187,1,2,0
1924,23.245418884322476,48.001713825443275,1,2,0
1925,24.670720364408563,55.07834138288962,1,0,0
1926,26.45666517704455,40.015630612784975,1,1,1
1927,25.719896262296693,51.43746093370814,1,1,0
1928,26.050425746234943,54.11471425402387,0,2,1
1929,27.342534597099373,47.60009726673199,1,1,0
1930,26.851270290612106,62.34866269886318,1,0,1
1931,25.555101814862397,56.369931846022126,1,2,1
1932,25.410274281800124,51.21936686120787,0,2,0
1933,22.73989504729927,53.19825577600508,1,1,0
1934,23.704041182043678,52.87823594526371,1,2,0
1935,25.250943594545692,46.46536485356886,1,2,0
1936,27.32205316232656,56.35962739728172,1,1,1
1937,22.569376899778952,56.06054884717149,0,2,0
1938,25.966257958381526,46.75243429986672,1,2,0
1939,22.417433015452957,57.94710329180998,0,2,1
1940,23.08863622835291,48.225803220291255,1,1,1
1941,23.849933299763123,56.46399876488308,1,0,0
1942,25.747185873832972,52.191993503234684,1,2,0
1943,26.58513564076742,52.44478032173965,1,0,1
1944,24.953102157795335,44.28076000743081,1,2,0
1945,23.37401022924146,54.49172795942224,1,2,0
1946,25.126636800865654,51.61547655871133,1,1,0
1947,26.03759129860038,48.91632083518412,1,0,1
1948,27.035716974833665,56.59658330545149,1,1,1
1949,25.145510161193023,43.54908556968139,1,2,0
1950,24.064265811605953,43.99653901396558,1,0,0
1951,27.604521587494673,46.03563344907565,1,2,0
1952,24.783369056433916,51.13146109332237,1,1,0
1953,20.308273256049656,63.74158184033283,1,2,0
1954,25.382208657615845,47.37177979373695,1,2,0
1955,26.49861453546456,48.26938144163461,1,2,0
1956,23.585469204863987,54.89549391614611,1,2,0
1957,26.379352005755635,59.576862190647525,1,1,0
1958,26.839756286506166,49.90773420315695,1,1,0
1959,24.196271909811575,55.73919323647222,1,1,0
1960,24.473422643272134,53.66673792635109,0,2,0
1961,25.87246235795584,46.978549386047135,1,2,1
1962,25.363051369528037,56.334552185195506,1,0,1
1963,30.007976848986914,52.22963350194913,0,2,0
1964,25.623433321959425,51.59563247371112,1,2,0
1965,24.128767849876567,56.90494991898858,1,0,1
1966,26.694688361938134,54.06711258508185,1,0,0
1967,23.842603740041206,56.73735574649776,1,0,1
1968,23.35374884368318,49.18472567606324,1,0,1
1969,28.498295755416702,56.07038799813532,1,0,1
1970,25.238062540716154,64.15409937373812,1,0,1
1971,28.134913259649576,57.339615379392924,1,2,0
1972,26.805148850185287,51.74824371372218,0,2,0
1973,24.846495250494478,51.30369395765697,1,0,1
1974,24.355461546493167,52.67620258493536,1,1,1
1975,24.880666406058037,51.89707236249696,0,2,1
1976,30.053086151085452,50.29757748708999,1,2,0
1977,27.88981372626721,52.769175148595565,1,2,0
1978,30.028102090690343,55.16209774924146,1,1,0
1979,29.54773548221995,55.35727293122855,1,0,1
1980,26.46400816853231,46.11972818393639,1,1,1
1981,27.033715563819797,56.094005022223264,1,1,1
1982,26.79816085830776,51.52298297644932,1,1,1
1983,26.564356640731834,56.27584378122324,1,2,0
1984,22.63315025661051,50.20820941549475,1,0,1
1985,27.52643658211565,52.053329602190715,0,2,0
1986,26.901461440728887,49.82702792604491,1,2,0
1987,26.377305067145656,50.925948945366535,1,2,0
1988,24.12755363296813,49.17766162532052,1,0,1
1989,23.31552446769385,51.449175255509836,1,2,0
1990,23.965184967048316,50.20679145902002,1,0,1
1991,25.559643161287976,56.36282751426087,1,0,1
1992,25.170389435330655,53.21492301178118,1,2,0
1993,28.1032162952972,55.60677983342904,0,2,1
1994,23.374241429447352,55.55822545041388,0,2,0
1995,27.028096232470283,45.23042437757202,1,2,1
1996,26.724755999984296,52.910654891504265,1,2,0
1997,25.81630644451235,56.202999305102516,1,0,1
1998,23.07840578546379,40.49816547631159,1,1,1
1999,24.766535914176394,47.86960541981492,1,2,0
